# Blender 4.2.0
# www.blender.org
mtllib ForkliftGame_Forklift_model2.mtl
o ForkLifter
v -1.407817 0.748013 -3.135996
v -1.407817 1.942884 -3.135996
v -1.407817 0.748013 -3.228570
v -1.407817 1.942884 -3.228570
v 1.366539 0.748013 -3.135996
v 1.366539 1.942884 -3.135996
v 1.366539 0.748013 -3.228570
v 1.366539 1.942884 -3.228570
v -1.407817 0.916887 -3.135996
v -1.407817 0.916887 -3.228570
v 1.366539 0.916887 -3.228570
v 1.366539 0.916887 -3.135996
v -0.020639 0.748013 -3.228570
v -0.020639 1.942884 -3.228570
v -0.020639 0.748013 -3.135996
v -0.020639 1.942884 -3.135996
v -0.020639 0.916887 -3.135996
v -0.020639 0.916887 -3.228570
v 0.395514 1.942884 -3.228570
v 0.395514 0.748013 -3.135996
v 0.395514 0.916887 -3.228570
v 0.395514 0.748013 -3.228570
v 0.395514 1.942884 -3.135996
v 0.395514 0.916887 -3.135996
v -0.436792 0.748013 -3.228570
v -0.436792 1.942884 -3.135996
v -0.436792 0.916887 -3.135996
v -0.436792 1.942884 -3.228570
v -0.436792 0.748013 -3.135996
v -0.436792 0.916887 -3.228570
v -1.407817 0.916887 -5.511711
v -1.407817 0.837741 -5.511711
v -0.436792 0.837741 -5.511711
v 1.366539 0.916887 -5.511711
v 1.366539 0.837741 -5.511711
v 0.395514 0.916887 -5.511711
v 0.395514 0.837741 -5.511711
v -0.436792 0.916887 -5.511711
vn -1.0000 -0.0000 -0.0000
vn -0.0000 -0.0000 -1.0000
vn 1.0000 -0.0000 -0.0000
vn -0.0000 -0.0000 1.0000
vn -0.0000 -1.0000 -0.0000
vn -0.0000 1.0000 -0.0000
vn -0.0000 -0.9992 -0.0393
vt 0.400000 0.000000
vt 0.625000 0.000000
vt 0.625000 0.250000
vt 0.400000 0.250000
vt 0.400000 0.412500
vt 0.625000 0.412500
vt 0.625000 0.500000
vt 0.400000 0.500000
vt 0.625000 0.750000
vt 0.400000 0.750000
vt 0.400000 0.912500
vt 0.625000 0.912500
vt 0.625000 1.000000
vt 0.400000 1.000000
vt 0.287500 0.500000
vt 0.375000 0.500000
vt 0.375000 0.750000
vt 0.287500 0.750000
vt 0.787500 0.500000
vt 0.875000 0.500000
vt 0.875000 0.750000
vt 0.787500 0.750000
vt 0.375000 0.912500
vt 0.375000 1.000000
vt 0.400000 0.337500
vt 0.375000 0.000000
vt 0.375000 0.250000
vt 0.375000 0.337500
vt 0.400000 0.375000
vt 0.375000 0.375000
vt 0.375000 0.837500
vt 0.400000 0.837500
vt 0.400000 0.875000
vt 0.375000 0.875000
vt 0.712500 0.500000
vt 0.750000 0.500000
vt 0.750000 0.750000
vt 0.712500 0.750000
vt 0.212500 0.500000
vt 0.250000 0.500000
vt 0.250000 0.750000
vt 0.212500 0.750000
vt 0.625000 0.837500
vt 0.625000 0.875000
vt 0.625000 0.337500
vt 0.625000 0.375000
vt 0.375000 0.412500
vt 0.125000 0.500000
vt 0.125000 0.750000
s 0
usemtl Material.001
f 9/1/1 2/2/1 4/3/1 10/4/1
f 21/5/2 19/6/2 8/7/2 11/8/2
f 11/8/3 8/7/3 6/9/3 12/10/3
f 27/11/4 26/12/4 2/13/4 9/14/4
f 22/15/5 7/16/5 5/17/5 20/18/5
f 28/19/6 4/20/6 2/21/6 26/22/6
f 29/23/4 27/11/4 9/14/4 1/24/4
f 7/16/3 11/8/3 12/10/3 5/17/3
f 10/4/6 30/25/6 38/25/6 31/4/6
f 1/26/1 9/1/1 10/4/1 3/27/1
f 25/28/2 30/25/2 18/29/2 13/30/2
f 20/31/4 24/32/4 17/33/4 15/34/4
f 19/35/6 14/36/6 16/37/6 23/38/6
f 25/39/5 13/40/5 15/41/5 29/42/5
f 24/32/4 23/43/4 16/44/4 17/33/4
f 30/25/2 28/45/2 14/46/2 18/29/2
f 12/10/4 6/9/4 23/43/4 24/32/4
f 8/7/6 19/35/6 23/38/6 6/9/6
f 5/17/4 12/10/4 24/32/4 20/31/4
f 13/30/2 18/29/2 21/5/2 22/47/2
f 13/40/5 22/15/5 20/18/5 15/41/5
f 18/29/2 14/46/2 19/6/2 21/5/2
f 10/4/2 4/3/2 28/45/2 30/25/2
f 3/48/5 25/39/5 29/42/5 1/49/5
f 21/5/6 11/8/6 34/8/6 36/5/6
f 15/34/4 17/33/4 27/11/4 29/23/4
f 14/36/6 28/19/6 26/22/6 16/37/6
f 17/33/4 16/44/4 26/12/4 27/11/4
f 37/47/2 36/5/2 34/8/2 35/16/2
f 32/27/2 31/4/2 38/25/2 33/28/2
f 3/27/1 10/4/1 31/4/1 32/27/1
f 30/25/3 25/28/3 33/28/3 38/25/3
f 22/47/1 21/5/1 36/5/1 37/47/1
f 11/8/3 7/16/3 35/16/3 34/8/3
f 25/39/7 3/48/7 32/48/7 33/39/7
f 7/16/7 22/15/7 37/15/7 35/16/7
o ForkBody
v 1.359474 1.297923 -3.038498
v 1.359474 0.542133 -2.869203
v 1.359474 2.146669 2.193990
v 1.359474 1.872894 2.274942
v -1.336744 1.297923 -3.038498
v -1.336744 0.542133 -2.869203
v -1.336744 2.146669 2.193990
v -1.336744 1.872894 2.274942
v -1.336744 0.556205 0.822868
v 1.359474 2.503450 1.179834
v -1.336744 2.503450 1.179834
v 1.359474 0.556205 0.822868
v -0.592817 0.542133 -2.380330
v 1.359474 0.542133 -0.881084
v -1.336744 0.542133 -0.881084
v -0.771562 2.651535 -2.372173
v -1.336744 0.542133 0.013569
v -0.771562 2.267416 -2.766648
v -0.592817 0.542133 -2.685357
v 1.359474 0.542133 0.013569
v -0.771562 1.303826 -3.038498
v -0.836744 0.542133 -1.320620
v -1.336744 0.542133 -1.320620
v -0.836744 0.542133 0.013569
v -0.836744 0.542133 -0.881084
v 1.359474 0.542133 -1.320620
v -0.836744 2.503450 1.179834
v -0.836744 0.556205 0.822868
v -0.836744 1.297923 -3.038498
v 1.359474 0.542133 -2.699954
v -1.336744 0.542133 -2.699954
v -0.836744 1.872894 2.274942
v -1.336744 2.053706 1.622327
v 1.359474 2.546078 1.925078
v -1.336744 2.546078 1.925078
v 1.359474 2.053706 1.622327
v -1.336744 2.546078 1.292593
v 1.359474 1.971443 1.292593
v -1.336744 1.971443 1.292593
v 1.359474 2.546078 1.292593
v -1.336744 1.989337 2.055565
v 1.359474 2.399142 2.086282
v -1.336744 2.399142 2.086282
v 1.359474 1.989337 2.055565
v 1.359474 1.301712 -1.654991
v 1.359474 1.257768 -2.372173
v -1.336744 1.301712 -1.654991
v -1.336744 1.257768 -2.372173
v 1.359474 1.421185 -2.013582
v -1.336744 1.421185 -2.013582
v 1.359474 1.522491 -1.378114
v 1.359474 1.347968 -2.693668
v -1.336744 1.522491 -1.378114
v -1.336744 1.347968 -2.693668
v 1.359474 1.073584 -1.424305
v 1.359474 1.051612 -2.588678
v -1.336744 1.051612 -2.588678
v -1.336744 1.073584 -1.424305
v 0.871620 0.700600 -1.329520
v 0.871620 0.700600 -1.883300
v -0.848890 0.700600 -2.380330
v -0.848890 0.700600 -1.883300
v 0.871620 1.301712 -1.663148
v -0.848890 1.301712 -1.663148
v -0.848890 0.700600 -1.329520
v 0.871620 0.700600 -2.380330
v -0.848890 0.700600 -2.685357
v 0.871620 1.257768 -2.380330
v -0.848890 1.257768 -2.380330
v 0.871620 0.700600 -2.685357
v 0.871620 1.421185 -2.021739
v 0.871620 1.073584 -1.432462
v 0.871620 1.051612 -2.596835
v -0.848890 1.073584 -1.432462
v -0.848890 1.051612 -2.596835
v -0.848890 1.421185 -2.021739
v -1.336744 0.542133 0.560302
v -0.836744 2.146669 2.193990
v -0.836744 0.542133 -2.869203
v 1.359474 0.542133 0.560302
v 1.359474 1.581229 1.026372
v -1.336744 1.581229 1.026372
v 1.359474 1.568302 0.013569
v 1.359474 1.773914 0.560302
v 1.359474 2.071137 -1.765067
v 1.359474 2.075097 -1.944363
v 1.359474 1.952133 -1.378114
v 1.359474 1.632255 -0.881084
v 1.359474 1.651398 -2.729432
v 1.350977 2.008745 -2.301361
v -1.336744 1.632255 -0.881084
v -1.336744 2.071137 -1.765067
v -1.336744 1.952133 -1.378114
v -1.336744 1.568302 0.013569
v -1.345241 2.008748 -2.301361
v -1.336744 1.773914 0.560302
v -1.336744 1.651384 -2.729431
v -1.336744 2.075097 -1.944363
v -1.206381 2.267416 -2.766648
v -1.206381 1.303826 -3.038498
v 1.229110 2.242903 0.560302
v 1.229110 2.440325 1.095912
v -1.206381 2.150168 0.013569
v -1.206381 2.370179 -0.881084
v 1.229110 2.616462 -1.378114
v 1.229110 2.370179 -0.881084
v 1.229110 2.150168 0.013569
v -1.206381 2.242903 0.560302
v -1.206381 2.616462 -1.378114
v -1.206381 2.739423 -1.875144
v 1.229110 2.651535 -2.372173
v 1.229110 2.739423 -1.875144
v -1.206381 2.651535 -2.372173
v 1.229110 2.267416 -2.766648
v 1.229110 1.303826 -3.038498
v -1.206381 2.440325 1.095912
v 1.229110 1.574205 0.013569
v 1.229110 1.779817 0.560302
v 1.229110 2.077040 -1.765067
v 1.229110 2.081000 -1.944363
v 1.229110 1.958036 -1.378114
v 1.229110 1.638158 -0.881084
v 1.229110 1.657301 -2.729432
v 1.220614 2.014648 -2.301361
v -1.206381 1.638158 -0.881084
v -1.206381 2.077040 -1.765067
v -1.206381 1.958036 -1.378114
v -1.206381 1.574205 0.013569
v -1.214877 2.014651 -2.301361
v -1.206381 1.779817 0.560302
v -1.206381 1.657287 -2.729431
v -1.206381 2.081000 -1.944363
v -0.771562 2.739423 -1.875144
v -0.592817 0.542133 -1.883300
v -0.771562 2.616462 -1.378114
v -0.836744 0.542133 -2.699954
v -0.771562 2.370179 -0.881084
v -0.836744 2.053706 1.622327
v -0.836744 2.546078 1.925078
v -0.836744 2.546078 1.292593
v -0.836744 1.971443 1.292593
v -0.836744 1.989337 2.055565
v -0.836744 2.399142 2.086282
v -0.592817 0.542133 -1.329520
v -0.771562 2.150168 0.013569
v -0.771562 2.242903 0.560302
v -0.771562 2.440325 1.095912
v -0.836744 0.542133 0.560302
v -0.836744 1.581229 1.026372
v 0.858919 1.872894 2.274942
v 0.858919 1.297923 -3.038498
v 0.793810 2.651535 -2.372173
v 0.858919 2.503450 1.179834
v 0.793810 2.267416 -2.766648
v 0.793810 1.303826 -3.038498
v 0.858919 0.542133 -1.320620
v 0.858919 0.542133 0.013569
v 0.858919 0.542133 -0.881084
v 0.858919 0.556205 0.822868
v 0.858919 2.146669 2.193990
v 0.858919 0.542133 -2.869203
v 0.615262 0.542133 -2.685357
v 0.615262 0.542133 -2.380330
v 0.615262 0.542133 -1.883300
v 0.858919 2.546078 1.925078
v 0.858919 2.546078 1.292593
v 0.858919 2.399142 2.086282
v 0.793810 2.440325 1.095912
v 0.858919 1.581229 1.026372
v 0.793810 2.242903 0.560302
v 0.793810 2.150168 0.013569
v 0.615262 0.542133 -1.329520
v 0.858919 1.989337 2.055565
v 0.858919 1.971443 1.292593
v 0.858919 2.053706 1.622327
v 0.793810 2.370179 -0.881084
v 0.858919 0.542133 -2.699954
v 0.793810 2.616462 -1.378114
v 0.793810 2.739423 -1.875144
v 0.858919 0.542133 0.560302
v 0.858919 0.560394 1.039089
v -0.836744 0.560394 1.039089
v 0.858919 1.578724 2.252578
v -0.836744 1.578724 2.252578
v 0.858919 0.599491 1.508814
v -0.836744 0.599491 1.508814
v 0.858919 0.647346 2.294810
v -0.836744 0.647346 2.294810
v -0.836744 0.577598 1.242594
v 0.858919 0.577598 1.242594
v 1.359474 1.032191 0.013569
v 1.359474 1.495314 0.964951
v 1.359474 1.158024 0.560302
v 1.359474 1.087194 -0.881084
v -1.336744 1.087194 -0.881084
v -1.336744 1.032191 0.013569
v -1.336744 1.495314 0.964951
v -1.336744 1.158024 0.560302
v -1.336744 0.890679 -1.357400
v -1.336744 0.632963 0.013569
v -1.336744 0.638504 0.560302
v -1.336744 0.660464 -0.881084
v -1.336744 1.068717 0.847387
v -1.336744 1.025759 0.816677
v -1.336744 1.032312 -1.349367
v 1.359474 0.632963 0.013569
v 1.359474 1.025759 0.816677
v 1.359474 0.898204 -1.358868
v 1.359474 0.660464 -0.881084
v 1.359474 0.638504 0.560302
v 1.359474 1.068717 0.847387
v 1.359474 1.032312 -1.349367
v 1.489852 0.524904 0.013569
v 1.489852 0.524904 -0.881084
v 1.489852 0.643234 -0.881084
v -1.467123 0.643234 -0.881084
v -1.467123 0.524904 -0.881084
v -1.467123 0.524904 0.013569
v 1.489852 0.524904 0.560302
v -1.467123 0.615733 0.013569
v 1.489852 0.615733 0.013569
v -1.467123 0.524904 0.560302
v -1.467123 0.621274 0.560302
v 1.489852 0.621274 0.560302
v 1.143954 2.546078 1.292593
v 1.143954 2.546078 1.925078
v -1.121502 2.546078 1.925078
v -1.121502 2.546078 1.292593
v 1.086939 2.739423 -1.875144
v 1.086939 2.651535 -2.372173
v -1.064451 2.651535 -2.372173
v -1.064451 2.739423 -1.875144
v -0.977976 5.154783 1.153316
v -0.836744 5.154783 1.153316
v -0.977976 5.154783 1.312019
v -0.836744 5.154783 1.312019
v -0.771562 5.162694 -1.326602
v -0.771562 5.155184 -1.184232
v 1.011460 5.162694 -1.326602
v 0.793810 5.162694 -1.326602
v 1.011460 5.155184 -1.184232
v 0.793810 5.155184 -1.184232
v 0.858919 5.154783 1.153316
v 0.858919 5.154783 1.312019
v 1.000428 5.154783 1.153316
v 1.000428 5.154783 1.312019
v -0.988972 5.162694 -1.326602
v -0.988972 5.155184 -1.184232
v -1.065235 5.134887 1.371987
v -1.065235 5.134887 -1.422667
v 1.061182 5.134887 1.371987
v 1.061182 5.134887 -1.422667
v 0.793810 2.362985 0.525111
v -0.771562 2.362985 0.525111
v 0.793810 2.309915 0.043494
v -0.771562 2.309915 0.043494
v -0.771562 2.462204 1.060721
v -0.836744 2.521995 1.180375
v 0.858919 2.521995 1.180375
v 0.793810 2.462204 1.060721
v 0.846082 2.452429 0.447643
v -0.823835 2.452429 0.447643
v 0.846082 2.399358 -0.066140
v -0.823835 2.399358 -0.066140
v -0.823835 2.551648 1.019024
v 0.846082 2.551648 1.019024
v 0.746348 2.526564 0.439684
v -0.724100 2.526564 0.439684
v 0.746348 2.473494 -0.012729
v -0.724100 2.473494 -0.012729
v -0.724100 2.625783 0.942814
v 0.746348 2.625783 0.942814
v -0.836744 3.846189 1.165072
v 0.858919 3.846189 1.165072
v -0.771562 3.786398 1.045417
v 0.793810 3.786398 1.045417
v 0.793810 3.124301 1.006840
v 0.858919 3.184092 1.127275
v -0.836744 3.184092 1.127275
v -0.771562 3.124301 1.006840
v 0.011124 2.651535 -2.372173
v 0.011124 2.267416 -2.766648
v 0.011124 1.303826 -3.038498
v 0.011087 0.542133 -1.320620
v 0.011087 0.542133 0.013569
v 0.011087 0.542133 -0.881084
v 0.011087 0.556205 0.822868
v 0.011087 2.146669 2.193990
v 0.011087 0.542133 -2.869203
v 0.011124 2.150168 0.013569
v 0.011223 0.542133 -1.329520
v 0.011087 1.989337 2.055565
v 0.011124 2.370179 -0.881084
v 0.011087 0.542133 -2.699954
v 0.011124 2.616462 -1.378114
v 0.011124 2.739423 -1.875144
v 0.011087 0.542133 0.560302
v 0.011087 1.872894 2.274942
v 0.011087 1.297923 -3.038498
v 0.011087 2.503450 1.179834
v 0.011223 0.542133 -2.685357
v 0.011223 0.542133 -2.380330
v 0.011223 0.542133 -1.883300
v 0.011087 2.546078 1.925078
v 0.011087 2.546078 1.292593
v 0.011087 2.399142 2.086282
v 0.011087 0.560394 1.039089
v 0.011087 1.578724 2.252578
v 0.011087 0.599491 1.508814
v 0.011087 0.647346 2.294810
v 0.011087 0.577598 1.242594
v 0.011124 2.309915 0.043494
v 0.011087 2.521995 1.180375
v 0.011124 2.462204 1.060721
v 0.011124 2.399358 -0.066140
v 0.011124 2.551648 1.019024
v 0.011124 2.526564 0.439684
v 0.011124 2.473494 -0.012729
v 0.011124 2.625783 0.942814
v 0.011087 3.846189 1.165072
v 0.011124 3.786398 1.045417
v 0.011124 3.124301 1.006840
v 0.011087 3.184092 1.127275
v 0.793810 2.493320 -1.129599
v -0.771562 2.493320 -1.129599
v 0.256767 2.431750 -1.005342
v 0.256767 2.554891 -1.253856
v -0.234519 2.554891 -1.253856
v -0.234520 2.431750 -1.005342
v 0.011124 3.162532 -0.905969
v 0.011124 2.916937 -0.811723
v 0.127537 2.978336 -0.835285
v -0.105290 3.101133 -0.882408
v 0.127537 3.101133 -0.882408
v -0.105290 2.978336 -0.835285
v -1.336744 0.975770 -3.031543
v -0.836744 0.975770 -3.031543
v 0.011087 0.975770 -3.031543
v 0.858919 0.975770 -3.031543
v 1.359474 0.975770 -3.031543
v 0.858919 1.296119 -3.122035
v 1.359474 1.296119 -3.122035
v -1.336744 1.296119 -3.122035
v -0.836744 1.296119 -3.122035
v 0.011087 1.296119 -3.122035
v -1.336744 0.973967 -3.115081
v -0.836744 0.973967 -3.115081
v 0.011087 0.973967 -3.115081
v 0.858919 0.973967 -3.115081
v 1.359474 0.973967 -3.115081
v 0.858919 5.975505 -3.121003
v 1.359474 5.975505 -3.121003
v -1.336744 5.975505 -3.121003
v -0.836744 5.975505 -3.121003
v -0.836744 5.973702 -3.204540
v 0.858919 5.973702 -3.204540
v 1.359474 5.973702 -3.204540
v -1.336744 5.973702 -3.204540
v -0.836744 0.479642 -3.020833
v -0.836744 0.477838 -3.104370
v -1.336744 0.479642 -3.020833
v 1.359474 0.479642 -3.020833
v 0.858919 0.479642 -3.020833
v -1.336744 0.477838 -3.104370
v 1.359474 0.477838 -3.104370
v 0.858919 0.477838 -3.104370
v 0.858919 1.068717 0.847387
v -0.836744 1.068717 0.847387
v -1.206381 1.906574 -2.966452
v 1.229110 1.906574 -2.966452
v -0.771562 1.906574 -2.966452
v 0.793810 1.906574 -2.966452
v 0.011124 1.906574 -2.966452
v 1.359474 1.302868 -2.532920
v -1.336744 1.302868 -2.532920
v 1.362331 1.831154 -2.574615
v -1.333887 1.831148 -2.574614
v 1.229110 2.477070 -2.593099
v -1.206381 2.477070 -2.593099
v 1.231968 1.837056 -2.574615
v -1.203524 1.837051 -2.574614
v -0.771562 2.470255 -2.610608
v 0.793810 2.470255 -2.610608
v 0.940374 2.477070 -2.593099
v -0.918007 2.477070 -2.593099
v 0.011124 2.470255 -2.610608
v -0.991084 5.331621 1.192741
v -1.065235 5.265019 1.302618
v -0.991084 5.318014 -1.213143
v -1.065235 5.250285 -1.337165
v 0.987030 5.331621 1.192741
v 1.061182 5.265019 1.302618
v 0.987030 5.318014 -1.213143
v 1.061182 5.250285 -1.337165
v 1.359474 0.542133 0.286936
v -1.336744 0.542133 0.286936
v 1.359474 1.632827 0.286936
v -1.336744 1.632827 0.286936
v -1.206381 2.196536 0.286936
v 1.229110 2.196536 0.286936
v 1.229110 1.638730 0.286936
v -1.206381 1.638730 0.286936
v -0.836744 0.542133 0.286936
v -0.771562 2.196536 0.286936
v 0.858919 0.542133 0.286936
v 0.793810 2.196536 0.286936
v 1.359474 1.095108 0.286936
v -1.336744 1.095108 0.286936
v -1.336744 0.635733 0.286936
v 1.359474 0.635733 0.286936
v 1.489852 0.524904 0.286936
v -1.467123 0.524904 0.286936
v -1.467123 0.618503 0.286936
v 1.489852 0.618503 0.286936
v -0.771562 2.336450 0.284303
v 0.793810 2.336450 0.284303
v -0.823835 2.425893 0.190752
v 0.846082 2.425893 0.190752
v -0.724100 2.500029 0.213477
v 0.746348 2.500029 0.213477
v 0.011124 2.500029 0.213477
v 0.011087 0.542133 0.286936
vn -0.0000 0.3924 0.9198
vn -0.0000 0.2836 0.9590
vn -1.0000 -0.0000 -0.0000
vn -0.0000 -0.8833 -0.4688
vn 1.0000 -0.0000 -0.0000
vn -0.0000 -0.3506 -0.9365
vn -0.0000 -0.9986 0.0535
vn -0.0000 0.1187 -0.9929
vn -0.0000 -1.0000 -0.0000
vn -0.1310 -0.9914 -0.0000
vn -0.0000 0.2288 0.9735
vn 0.1310 -0.9914 -0.0000
vn 0.0053 -0.9487 -0.3161
vn -0.0000 0.9707 0.2402
vn -0.0069 -0.9099 0.4147
vn -0.0000 0.8960 0.4440
vn -0.0000 0.9711 0.2388
vn 0.5258 -0.8506 -0.0000
vn -0.0115 -0.7242 0.6895
vn -0.0000 0.9859 -0.1672
vn 0.0069 -0.9099 0.4147
vn -0.0000 -0.9703 0.2421
vn -0.9995 0.0320 -0.0040
vn -0.0000 0.9354 -0.3536
vn -0.0000 -0.0478 0.9989
vn -0.0000 -0.9891 -0.1470
vn -0.0000 0.7391 0.6736
vn 0.0303 -0.2261 0.9736
vn 0.0175 -0.2227 -0.9747
vn -0.9999 -0.0075 0.0143
vn -0.0379 0.8371 -0.5457
vn -0.0000 -0.0292 0.9996
vn 1.0000 -0.0041 -0.0073
vn -0.9997 -0.0038 -0.0250
vn 0.0118 -0.7110 -0.7031
vn 0.0115 -0.7242 0.6895
vn -0.0303 -0.2261 0.9736
vn -0.0053 -0.9487 -0.3161
vn -0.0175 -0.2227 -0.9747
vn -0.0118 -0.7110 -0.7031
vn 0.0195 -0.0933 0.9954
vn 0.0119 -0.0570 -0.9983
vn -0.0000 0.9383 -0.3458
vn -0.1310 0.9913 -0.0100
vn -0.0000 -0.5636 0.8261
vn 0.0445 0.9820 -0.1836
vn -0.0432 0.9549 0.2937
vn -0.0000 1.0000 -0.0000
vn -0.0452 0.9987 0.0221
vn 0.9999 0.0075 -0.0143
vn -0.0402 0.8879 -0.4583
vn 0.0380 0.8403 0.5408
vn 0.0452 0.9987 0.0221
vn 0.0432 0.9549 0.2937
vn 0.0451 0.9964 0.0712
vn -0.5262 -0.8503 -0.0000
vn 0.9999 -0.0066 -0.0088
vn 0.9999 0.0018 -0.0108
vn -0.9997 0.0027 -0.0249
vn -0.9999 0.0066 0.0088
vn -0.0195 -0.0932 0.9955
vn 0.0295 0.6520 -0.7576
vn 0.0440 0.9723 -0.2295
vn -0.0298 0.6580 -0.7525
vn -0.0119 -0.0570 -0.9983
vn 0.0298 0.6579 -0.7525
vn 0.1067 0.6355 -0.7647
vn -0.0380 0.8403 0.5408
vn -0.1067 0.6355 -0.7647
vn -0.0445 0.9824 -0.1815
vn -0.0451 0.9964 0.0712
vn -0.0000 -0.0000 -1.0000
vn -0.0000 0.9847 -0.1741
vn -0.0000 0.6377 -0.7703
vn -0.0000 0.4326 0.9016
vn -0.0000 -0.9966 0.0820
vn -0.0000 0.0453 0.9990
vn -0.0000 -0.9964 0.0842
vn -0.0000 -0.9982 0.0608
vn -0.0000 -0.9998 0.0194
vn -0.0000 -0.3297 0.9441
vn -0.0000 -0.0000 1.0000
vn -0.1310 0.9909 0.0305
vn 0.1310 0.9913 -0.0100
vn 0.1310 0.9909 0.0305
vn -0.0000 0.7992 -0.6011
vn -0.8741 -0.3162 -0.3688
vn -0.0000 0.9986 0.0527
vn -0.0000 -0.0533 -0.9986
vn 0.9985 0.0549 -0.0000
vn -0.0000 0.3844 -0.9232
vn 0.9995 0.0320 -0.0040
vn -0.9985 0.0549 -0.0000
vn -0.0000 -0.2750 0.9615
vn 0.8834 -0.4612 0.0827
vn -0.0000 -0.7748 -0.6321
vn 0.8728 0.0281 -0.4874
vn 0.8743 -0.3159 -0.3685
vn -0.0000 0.1841 -0.9829
vn -0.5900 0.8026 -0.0882
vn 0.6283 0.7650 -0.1413
vn -0.8834 -0.4612 0.0827
vn 0.8857 -0.4617 0.0492
vn -0.0000 0.4225 0.9064
vn -0.8823 -0.4680 0.0499
vn -0.0000 0.9932 -0.1165
vn -0.0000 0.9811 -0.1935
vn -0.0000 0.5845 -0.8114
vn 0.5719 0.8154 -0.0896
vn -0.0000 0.7168 0.6973
vn -0.6283 0.7650 -0.1413
vn -0.0000 0.8945 -0.4470
vn -0.0000 -0.0570 0.9984
vn -0.8725 0.0281 -0.4878
vn -0.0000 0.0582 -0.9983
vn -0.0000 -0.0811 -0.9967
vn -0.8859 -0.0374 -0.4624
vn -0.0000 0.0799 0.9968
vn 0.8861 -0.0373 -0.4620
vn -0.0000 0.3583 0.9336
vn -0.9771 0.1636 0.1361
vn -0.4690 0.5739 -0.6713
vn 0.4163 -0.1473 0.8972
vn -0.4163 -0.1473 0.8972
vn 0.4690 0.5739 -0.6713
vn 0.9771 0.1636 0.1361
vn -0.0000 0.0216 0.9998
vn -0.0000 -0.0176 -0.9998
vn -0.0000 -0.9998 0.0216
vn -0.0000 -0.0216 -0.9998
vn -0.0000 0.9998 -0.0216
vn -0.0000 0.0176 0.9998
vn -0.0000 0.4844 -0.8748
vn -0.0000 0.7961 -0.6052
vn -0.0000 0.7848 -0.6198
vn 0.0123 0.7887 -0.6147
vn 0.0380 0.8386 -0.5434
vn -0.9999 -0.0018 0.0108
vn 0.9997 -0.0027 0.0249
vn -1.0000 0.0041 0.0073
vn 0.9997 0.0038 0.0250
vn -0.0295 0.6526 -0.7572
vn -0.0123 0.7887 -0.6147
vn -0.0662 0.6084 -0.7909
vn -0.0000 0.6097 -0.7926
vn 0.0662 0.6084 -0.7909
vn -0.6711 0.7413 -0.0042
vn -0.0000 0.8777 -0.4793
vn 0.6711 0.7413 -0.0042
vn -0.0000 0.8552 0.5184
vn -0.0000 0.4704 0.8825
vn -0.0000 1.0000 -0.0057
vn -0.0000 0.5953 -0.8035
vn 0.5900 0.8026 -0.0882
vn -0.8857 -0.4617 0.0492
vn 0.8823 -0.4680 0.0499
vn -0.5719 0.8154 -0.0896
vn 0.0402 0.8879 -0.4583
vn -0.0440 0.9723 -0.2295
vt 0.623016 0.703194
vt 0.623016 0.669406
vt 0.640411 0.669406
vt 0.640411 0.703194
vt 0.659156 0.703194
vt 0.659156 0.669406
vt 0.545396 0.503989
vt 0.544011 0.449557
vt 0.567280 0.474293
vt 0.556830 0.503785
vt 0.676431 0.841005
vt 0.676431 0.874830
vt 0.661520 0.874831
vt 0.661520 0.841005
vt 0.660521 0.533934
vt 0.663085 0.506285
vt 0.670060 0.523472
vt 0.675203 0.542065
vt 0.082085 0.437893
vt 0.052765 0.437893
vt 0.052765 0.404067
vt 0.082085 0.404067
vt 0.557783 0.629895
vt 0.557898 0.623385
vt 0.575679 0.597533
vt 0.575538 0.629262
vt 0.241168 0.678446
vt 0.274994 0.678446
vt 0.274994 0.696178
vt 0.241168 0.696178
vt 0.273972 0.412255
vt 0.273288 0.373435
vt 0.292422 0.438295
vt 0.131539 0.316342
vt 0.131539 0.348886
vt 0.102156 0.348886
vt 0.102156 0.316342
vt 0.241169 0.551349
vt 0.274994 0.551349
vt 0.274994 0.581049
vt 0.241168 0.581049
vt 0.430715 0.627622
vt 0.429358 0.594472
vt 0.460550 0.620159
vt 0.460409 0.628153
vt 0.728193 0.532216
vt 0.728193 0.471763
vt 0.737003 0.471776
vt 0.737003 0.532229
vt 0.728193 0.550688
vt 0.737003 0.550701
vt 0.888443 0.188473
vt 0.869201 0.188473
vt 0.869201 0.010379
vt 0.878744 0.010379
vt 0.274994 0.641502
vt 0.241168 0.641502
vt 0.736668 0.549913
vt 0.736668 0.568385
vt 0.727857 0.568398
vt 0.727857 0.549926
vt 0.301579 0.755849
vt 0.301579 0.780168
vt 0.268612 0.779617
vt 0.268612 0.755297
vt 0.239627 0.078008
vt 0.239627 0.044110
vt 0.259419 0.044110
vt 0.452214 0.505657
vt 0.453571 0.472507
vt 0.454283 0.482065
vt 0.422520 0.506188
vt 0.422379 0.498194
vt 0.301580 0.731739
vt 0.268612 0.731188
vt 0.239627 0.112246
vt 0.239627 0.095127
vt 0.269010 0.078008
vt 0.269010 0.112246
vt 0.239627 0.173259
vt 0.269010 0.173259
vt 0.224703 0.513327
vt 0.224703 0.479742
vt 0.242027 0.479625
vt 0.242027 0.513210
vt 0.337533 0.625954
vt 0.338918 0.571522
vt 0.345658 0.591670
vt 0.301580 0.717263
vt 0.268613 0.716711
vt 0.326100 0.625750
vt 0.315649 0.596258
vt 0.241169 0.446708
vt 0.274994 0.446708
vt 0.274994 0.458145
vt 0.241169 0.458145
vt 0.239627 0.191589
vt 0.269010 0.191589
vt 0.301580 0.755848
vt 0.301580 0.731739
vt 0.334547 0.731188
vt 0.334547 0.755297
vt 0.222408 0.411969
vt 0.219844 0.384321
vt 0.230560 0.374199
vt 0.251599 0.407096
vt 0.608957 0.534220
vt 0.609641 0.495399
vt 0.652370 0.496164
vt 0.631330 0.529061
vt 0.727973 0.841005
vt 0.727973 0.874831
vt 0.705753 0.874830
vt 0.705753 0.841005
vt 0.584099 0.054471
vt 0.565723 0.083198
vt 0.397203 0.063548
vt 0.400428 0.054471
vt 0.445533 0.648663
vt 0.464776 0.656159
vt 0.445533 0.656159
vt 0.047773 0.928937
vt 0.013948 0.928937
vt 0.013948 0.894426
vt 0.047773 0.894426
vt 0.577805 0.594668
vt 0.207726 0.420100
vt 0.212869 0.401507
vt 0.445533 0.698864
vt 0.464776 0.698864
vt 0.445533 0.710153
vt 0.409032 0.575902
vt 0.384949 0.567398
vt 0.390405 0.523305
vt 0.402512 0.523789
vt 0.486083 0.369239
vt 0.483923 0.345138
vt 0.484725 0.336089
vt 0.169224 0.885233
vt 0.135203 0.885233
vt 0.145850 0.852266
vt 0.169251 0.852266
vt 0.380087 0.782703
vt 0.368229 0.782703
vt 0.344163 0.782703
vt 0.354873 0.749735
vt 0.380088 0.749735
vt 0.537271 0.469705
vt 0.522399 0.456039
vt 0.497980 0.445433
vt 0.492524 0.401340
vt 0.521640 0.412992
vt 0.045971 0.389203
vt 0.045971 0.400929
vt 0.037161 0.400912
vt 0.037161 0.389187
vt 0.909184 0.894688
vt 0.909184 0.951980
vt 0.907934 0.951980
vt 0.907934 0.894688
vt 0.428000 0.561322
vt 0.428512 0.532296
vt 0.349724 0.574763
vt 0.336864 0.550980
vt 0.349076 0.542969
vt 0.473897 0.453937
vt 0.454929 0.439357
vt 0.454417 0.410332
vt 0.480417 0.401824
vt 0.533205 0.452798
vt 0.533853 0.421004
vt 0.424344 0.591593
vt 0.360530 0.578004
vt 0.458585 0.469628
vt 0.559720 0.878855
vt 0.597366 0.878846
vt 0.608408 0.903072
vt 0.600336 0.927303
vt 0.559720 0.912438
vt 0.584922 0.942893
vt 0.559720 0.949855
vt 0.070365 0.663419
vt 0.029749 0.678284
vt 0.021677 0.654053
vt 0.032718 0.629827
vt 0.070365 0.629837
vt 0.046648 0.615202
vt 0.070365 0.609227
vt 0.559720 0.858246
vt 0.583437 0.864221
vt 0.070365 0.700837
vt 0.045163 0.693875
vt 0.301579 0.795925
vt 0.268612 0.795374
vt 0.301580 0.717263
vt 0.334548 0.716711
vt 0.135107 0.885253
vt 0.101085 0.885253
vt 0.101059 0.852285
vt 0.124459 0.852285
vt 0.301580 0.780168
vt 0.334547 0.779617
vt 0.380088 0.732412
vt 0.403645 0.732412
vt 0.416013 0.732412
vt 0.416013 0.765379
vt 0.390798 0.765379
vt 0.224703 0.550747
vt 0.242027 0.550630
vt 0.224703 0.459131
vt 0.242027 0.459013
vt 0.301580 0.795925
vt 0.334548 0.795374
vt 0.135107 0.851427
vt 0.135155 0.834962
vt 0.344164 0.732412
vt 0.344163 0.748877
vt 0.307391 0.507297
vt 0.307250 0.475568
vt 0.325031 0.501420
vt 0.325146 0.507930
vt 0.239627 0.245539
vt 0.239627 0.209919
vt 0.269010 0.209919
vt 0.269010 0.245539
vt 0.241168 0.659974
vt 0.274994 0.659974
vt 0.728912 0.548837
vt 0.728912 0.530387
vt 0.737722 0.530434
vt 0.737722 0.548884
vt 0.590507 0.560260
vt 0.280956 0.376178
vt 0.296674 0.444025
vt 0.047773 0.860423
vt 0.013948 0.860423
vt 0.013948 0.834962
vt 0.047773 0.834962
vt 0.469539 0.762010
vt 0.469539 0.733621
vt 0.478349 0.733604
vt 0.478349 0.761994
vt 0.045971 0.441435
vt 0.045971 0.467890
vt 0.037161 0.467873
vt 0.037161 0.441419
vt 0.727973 0.692631
vt 0.727973 0.726419
vt 0.705753 0.726419
vt 0.705753 0.692631
vt 0.388240 0.656159
vt 0.388240 0.698864
vt 0.388240 0.648663
vt 0.045971 0.429318
vt 0.037161 0.429302
vt 0.361289 0.534957
vt 0.081561 0.928937
vt 0.047773 0.928937
vt 0.047773 0.894426
vt 0.081561 0.894426
vt 0.045971 0.581151
vt 0.045971 0.599262
vt 0.037161 0.599245
vt 0.037161 0.581134
vt 0.469539 0.835022
vt 0.469539 0.800582
vt 0.478349 0.800565
vt 0.478349 0.835006
vt 0.676431 0.726419
vt 0.676431 0.692631
vt 0.469539 0.774127
vt 0.478349 0.774111
vt 0.388240 0.710153
vt 0.469539 0.895732
vt 0.478349 0.895716
vt 0.125762 0.550630
vt 0.125762 0.513210
vt 0.143066 0.513327
vt 0.143066 0.550747
vt 0.125762 0.479625
vt 0.125762 0.459013
vt 0.143066 0.459131
vt 0.143066 0.479742
vt -0.000734 0.212047
vt 0.043292 0.219962
vt 0.053312 0.249679
vt 0.002727 0.245974
vt 0.369625 0.209521
vt 0.325598 0.217436
vt 0.324443 0.205373
vt 0.083119 0.071713
vt 0.090245 0.090755
vt 0.048329 0.087685
vt 0.046558 0.069035
vt 0.034137 0.013319
vt 0.075994 0.052671
vt 0.044787 0.050386
vt 0.078400 0.150498
vt 0.029072 0.146885
vt 0.054383 0.182412
vt 0.044447 0.207899
vt 0.010014 0.179162
vt 0.060634 0.262317
vt 0.067956 0.274955
vt 0.026657 0.274451
vt 0.014692 0.260212
vt 0.090245 0.297526
vt 0.058451 0.285989
vt 0.285771 0.069187
vt 0.292897 0.050145
vt 0.324103 0.047860
vt 0.322332 0.066509
vt 0.314508 0.179886
vt 0.358877 0.176636
vt 0.308256 0.259791
vt 0.315579 0.247153
vt 0.366164 0.243447
vt 0.354199 0.257686
vt 0.278646 0.295000
vt 0.300934 0.272429
vt 0.342233 0.271925
vt 0.310440 0.283462
vt 0.290490 0.147972
vt 0.339819 0.144359
vt 0.334754 0.010793
vt 0.278646 0.088229
vt 0.320562 0.085159
vt 0.135203 0.851445
vt 0.135155 0.834962
vt 0.469539 0.721895
vt 0.469539 0.710170
vt 0.478349 0.710153
vt 0.478349 0.721879
vt 0.469539 0.913843
vt 0.478349 0.913826
vt 0.479321 0.669406
vt 0.479321 0.645554
vt 0.488131 0.645155
vt 0.488131 0.669007
vt 0.380089 0.782683
vt 0.380088 0.766200
vt 0.808656 0.918772
vt 0.788752 0.951806
vt 0.781822 0.946961
vt 0.805876 0.919105
vt 0.661520 0.645553
vt 0.661520 0.669406
vt 0.652711 0.669007
vt 0.652711 0.645154
vt 0.433632 0.732412
vt 0.433632 0.781644
vt 0.424823 0.781246
vt 0.424823 0.736669
vt 0.045971 0.502330
vt 0.037161 0.502314
vt 0.416013 0.781644
vt 0.416013 0.732412
vt 0.092795 0.659974
vt 0.126583 0.659974
vt 0.126583 0.678446
vt 0.092795 0.678446
vt 0.081561 0.860423
vt 0.047773 0.860423
vt 0.047773 0.834962
vt 0.081561 0.834962
vt 0.045971 0.563040
vt 0.037161 0.563024
vt 0.573028 0.632096
vt 0.602411 0.632096
vt 0.598006 0.632494
vt 0.564218 0.632494
vt 0.708192 0.632096
vt 0.737608 0.632096
vt 0.746417 0.632494
vt 0.712592 0.632494
vt 0.092795 0.446708
vt 0.126583 0.446708
vt 0.126583 0.458145
vt 0.092795 0.458145
vt 0.186737 0.173259
vt 0.186737 0.112246
vt 0.203336 0.103687
vt 0.186737 0.078008
vt 0.186737 0.044110
vt 0.092795 0.581049
vt 0.126583 0.581049
vt 0.126583 0.641502
vt 0.092795 0.641502
vt 0.186737 0.010793
vt 0.239627 0.010793
vt 0.092795 0.551349
vt 0.126583 0.551349
vt 0.184430 0.316342
vt 0.184430 0.348886
vt 0.126583 0.696178
vt 0.092795 0.696178
vt 0.082085 0.586266
vt 0.052765 0.586266
vt 0.052765 0.552478
vt 0.082085 0.552478
vt 0.661521 0.726419
vt 0.661521 0.692631
vt 0.659156 0.760487
vt 0.640411 0.760487
vt 0.623016 0.760487
vt 0.623016 0.851605
vt 0.623016 0.817780
vt 0.640411 0.817780
vt 0.640411 0.851605
vt 0.659156 0.851605
vt 0.659156 0.817780
vt 0.266736 0.316342
vt 0.266736 0.348886
vt 0.237320 0.348886
vt 0.237320 0.316342
vt 0.266736 0.270842
vt 0.266736 0.283799
vt 0.237320 0.283799
vt 0.247225 0.270842
vt 0.104430 0.044110
vt 0.104430 0.010793
vt 0.114037 0.010793
vt 0.114037 0.044110
vt 0.104430 0.078008
vt 0.133846 0.078008
vt 0.104430 0.112246
vt 0.133846 0.095127
vt 0.133846 0.112246
vt 0.104430 0.173259
vt 0.133846 0.173259
vt 0.570405 0.669007
vt 0.623295 0.669007
vt 0.627695 0.669406
vt 0.570402 0.669406
vt 0.104430 0.245539
vt 0.104430 0.209919
vt 0.133846 0.209919
vt 0.133846 0.245539
vt 0.297122 0.698864
vt 0.311686 0.698864
vt 0.330948 0.710153
vt 0.297122 0.710153
vt 0.297122 0.648663
vt 0.330948 0.648663
vt 0.311686 0.656159
vt 0.297122 0.656159
vt 0.024608 0.177238
vt 0.024608 0.119945
vt 0.052971 0.119945
vt 0.052971 0.177238
vt 0.183876 0.659974
vt 0.183876 0.678446
vt 0.183885 0.550747
vt 0.183876 0.551349
vt 0.183876 0.458145
vt 0.183885 0.459131
vt 0.183885 0.479742
vt 0.183885 0.513327
vt 0.104430 0.191589
vt 0.133846 0.191589
vt 0.224428 0.264620
vt 0.230106 0.235575
vt 0.258428 0.223534
vt 0.321424 0.223534
vt 0.243656 0.257067
vt 0.239118 0.279575
vt 0.145848 0.269180
vt 0.146659 0.215981
vt 0.254485 0.306291
vt 0.228966 0.287128
vt 0.322235 0.276733
vt 0.322894 0.294769
vt 0.183876 0.446708
vt 0.183876 0.581049
vt 0.183876 0.641502
vt 0.183876 0.696178
vt 0.082085 0.495185
vt 0.052765 0.495185
vt 0.676431 0.783712
vt 0.661520 0.783712
vt 0.208483 0.124092
vt 0.265776 0.124092
vt 0.265776 0.142065
vt 0.208483 0.142065
vt 0.115974 0.177238
vt 0.115974 0.234531
vt 0.052971 0.234531
vt 0.208483 0.110354
vt 0.265776 0.110354
vt 0.265776 0.195140
vt 0.208483 0.195140
vt 0.548265 0.941003
vt 0.479321 0.943269
vt 0.479856 0.929480
vt 0.208483 0.095746
vt 0.265776 0.095746
vt 0.323046 0.323164
vt 0.288528 0.319941
vt 0.323429 0.308557
vt 0.213598 0.298738
vt 0.145190 0.287216
vt 0.237978 0.228022
vt 0.209655 0.215981
vt 0.461058 0.591330
vt 0.461708 0.554507
vt 0.521432 0.596127
vt 0.522016 0.563020
vt 0.539974 0.592207
vt 0.540633 0.554850
vt 0.586255 0.565990
vt 0.558517 0.588287
vt 0.559251 0.546679
vt 0.601973 0.498143
vt 0.421871 0.469365
vt 0.421221 0.432542
vt 0.324412 0.466322
vt 0.323678 0.424715
vt 0.305124 0.472703
vt 0.361497 0.474162
vt 0.360913 0.441056
vt 0.342955 0.470242
vt 0.342296 0.432885
vt 0.361973 0.501133
vt 0.343502 0.501276
vt 0.520956 0.623098
vt 0.428556 0.603520
vt 0.539427 0.623241
vt 0.735888 0.530201
vt 0.729750 0.530200
vt 0.727892 0.469750
vt 0.735888 0.469752
vt 0.735888 0.548672
vt 0.729563 0.548670
vt 0.729776 0.469734
vt 0.737772 0.469732
vt 0.735914 0.530181
vt 0.729776 0.530183
vt 0.729776 0.548653
vt 0.736101 0.548652
vt 0.736288 0.567122
vt 0.729776 0.567124
vt 0.740539 0.454296
vt 0.746987 0.455147
vt 0.746987 0.464034
vt 0.740539 0.463183
vt 0.736668 0.470988
vt 0.736668 0.531441
vt 0.727857 0.531454
vt 0.727857 0.471001
vt 0.734090 0.455147
vt 0.740539 0.454296
vt 0.734090 0.464034
vt 0.726163 0.455344
vt 0.734090 0.454296
vt 0.734090 0.463183
vt 0.726163 0.464231
vt 0.728912 0.469904
vt 0.737722 0.469952
vt 0.737844 0.549835
vt 0.737844 0.568285
vt 0.729033 0.568332
vt 0.729033 0.549883
vt 0.737844 0.470903
vt 0.737844 0.531385
vt 0.729033 0.531433
vt 0.729033 0.470950
vt 0.718235 0.454296
vt 0.726163 0.455344
vt 0.726163 0.464231
vt 0.718235 0.463183
vt 0.305932 0.643170
vt 0.335347 0.643170
vt 0.932030 0.911683
vt 0.930259 0.904712
vt 0.931013 0.903711
vt 0.934811 0.912016
vt 0.441129 0.643170
vt 0.470512 0.643170
vt 0.479321 0.648663
vt 0.433668 0.860351
vt 0.424035 0.860351
vt 0.424035 0.845659
vt 0.433668 0.845659
vt 0.883981 0.184243
vt 0.864738 0.184243
vt 0.874437 0.007943
vt 0.883981 0.007943
vt 0.330948 0.698864
vt 0.330948 0.656159
vt 0.479321 0.656159
vt 0.479321 0.698864
vt 0.479321 0.710153
vt 0.575908 0.083199
vt 0.573579 0.125870
vt 0.397203 0.125870
vt 0.397788 0.115163
vt 0.133846 0.044110
vt 0.269010 0.044110
vt 0.121643 0.270842
vt 0.131539 0.283799
vt 0.102156 0.283799
vt 0.102156 0.270842
vt 0.259419 0.010793
vt 0.269010 0.010793
vt 0.443231 0.845659
vt 0.452775 0.845659
vt 0.452775 0.856375
vt 0.443231 0.856375
vt 0.433668 0.856375
vt 0.433668 0.845659
vt 0.443231 0.845659
vt 0.443231 0.856375
vt 0.424035 0.860367
vt 0.414402 0.860367
vt 0.414402 0.845659
vt 0.424035 0.845659
vt 0.897400 0.352429
vt 0.877591 0.352429
vt 0.877591 0.182848
vt 0.892299 0.182848
vt 0.747874 0.191931
vt 0.766251 0.220658
vt 0.582580 0.220658
vt 0.579355 0.211581
vt 0.576010 0.125870
vt 0.573721 0.168544
vt 0.397203 0.168544
vt 0.397778 0.157836
vt 0.771774 0.053717
vt 0.774104 0.096389
vt 0.595983 0.064424
vt 0.595399 0.053717
vt 0.573503 0.035210
vt 0.573503 0.054471
vt 0.397203 0.054471
vt 0.397203 0.044908
vt 0.861653 0.356335
vt 0.841861 0.356335
vt 0.846962 0.186754
vt 0.861653 0.186754
vt 0.765771 0.260498
vt 0.747387 0.289221
vt 0.578768 0.269574
vt 0.581995 0.260498
vt 0.747975 0.220658
vt 0.766358 0.249381
vt 0.582582 0.249381
vt 0.579355 0.240305
vt 0.886121 0.185267
vt 0.866860 0.185267
vt 0.876559 0.007172
vt 0.886121 0.007172
vt 0.771916 0.096389
vt 0.774205 0.139063
vt 0.595973 0.107096
vt 0.595399 0.096389
vt 0.849173 0.179223
vt 0.829380 0.179223
vt 0.829380 0.018445
vt 0.844072 0.018445
vt 0.845653 0.178076
vt 0.825844 0.178076
vt 0.830945 0.017298
vt 0.845653 0.017298
vt 0.298821 0.908988
vt 0.229877 0.906723
vt 0.298286 0.895200
vt 0.144655 0.301004
vt 0.179556 0.312388
vt 0.145037 0.315611
vt 0.623016 0.669406
vt 0.623016 0.858246
vt 0.479321 0.858246
vt 0.899733 0.542536
vt 0.875679 0.570392
vt 0.867825 0.568869
vt 0.893765 0.539503
vt 0.909184 0.661000
vt 0.909184 0.608109
vt 0.916659 0.604576
vt 0.916659 0.661000
vt 0.778896 0.878134
vt 0.775058 0.886472
vt 0.749116 0.849933
vt 0.752913 0.841628
vt 0.798124 0.911801
vt 0.809673 0.910800
vt 0.776295 0.965798
vt 0.763838 0.979789
vt 0.758666 0.970103
vt 0.770244 0.958532
vt 0.951934 0.944717
vt 0.958864 0.939872
vt 0.964391 0.958709
vt 0.970442 0.951443
vt 0.808916 0.894518
vt 0.808916 0.947409
vt 0.798124 0.947409
vt 0.798124 0.894518
vt 0.846917 0.604158
vt 0.864189 0.604158
vt 0.863448 0.610898
vt 0.848248 0.610898
vt 0.902496 0.717004
vt 0.864189 0.717004
vt 0.863448 0.710264
vt 0.897146 0.710264
vt 0.888598 0.573859
vt 0.864544 0.546004
vt 0.870512 0.542970
vt 0.896451 0.572337
vt 0.864101 0.581963
vt 0.852523 0.593534
vt 0.842973 0.593370
vt 0.855399 0.581119
vt 0.922833 0.661000
vt 0.922833 0.713890
vt 0.916659 0.717422
vt 0.900176 0.585430
vt 0.908877 0.584587
vt 0.848247 0.660581
vt 0.833047 0.660581
vt 0.833047 0.610898
vt 0.897146 0.660581
vt 0.863448 0.660581
vt 0.897146 0.610898
vt 0.896043 0.660986
vt 0.896043 0.717409
vt 0.891039 0.710670
vt 0.891039 0.660986
vt 0.846917 0.717004
vt 0.829645 0.717004
vt 0.833047 0.710264
vt 0.848247 0.710264
vt 0.902496 0.660581
vt 0.902496 0.604158
vt 0.918497 0.894555
vt 0.918497 0.841665
vt 0.926412 0.837260
vt 0.926412 0.894553
vt 0.863071 0.894688
vt 0.863071 0.951980
vt 0.818507 0.951980
vt 0.818507 0.894688
vt 0.965628 0.879383
vt 0.961790 0.871045
vt 0.987773 0.834539
vt 0.991570 0.842844
vt 0.865134 0.892566
vt 0.865134 0.945457
vt 0.820396 0.945457
vt 0.820396 0.892566
vt 0.909881 0.892566
vt 0.909881 0.945457
vt 0.907934 0.837395
vt 0.863071 0.837395
vt 0.909881 0.839675
vt 0.865134 0.839675
vt 0.820396 0.839675
vt 0.818507 0.837395
vt 0.918497 0.947446
vt 0.926412 0.951846
vt 0.896043 0.604563
vt 0.891039 0.611303
vt 0.922833 0.608109
vt 0.808916 0.841628
vt 0.798124 0.841628
vt 0.909184 0.713890
vt 0.151191 0.095746
vt 0.151191 0.110354
vt 0.151190 0.142065
vt 0.151190 0.195140
vt 0.151190 0.124092
vt 0.115974 0.119945
vt 0.024608 0.234531
vt 0.517514 0.669007
vt 0.513109 0.669406
vt 0.133846 0.010793
vt 0.170137 0.103687
vt 0.909184 0.837395
vt 0.648434 0.367541
vt 0.639905 0.364904
vt 0.638288 0.356616
vt 0.645201 0.350967
vt 0.735991 0.398825
vt 0.717249 0.398825
vt 0.723426 0.360821
vt 0.729964 0.354801
vt 0.170137 0.086568
vt 0.203336 0.086568
vt 0.687473 0.387817
vt 0.670873 0.391991
vt 0.679606 0.355118
vt 0.687473 0.350967
vt 0.653731 0.353604
vt 0.655347 0.361892
vt 0.655455 0.403538
vt 0.638288 0.402235
vt 0.670873 0.395880
vt 0.704072 0.391991
vt 0.695340 0.355118
vt 0.620835 0.395707
vt 0.602094 0.395707
vt 0.608121 0.351682
vt 0.614659 0.357703
vt 0.546065 0.429016
vt 0.567366 0.452521
vt 0.915629 0.387513
vt 0.921275 0.387492
vt 0.921407 0.421022
vt 0.915762 0.421043
vt 0.933335 0.058582
vt 0.933335 0.024794
vt 0.966857 0.024794
vt 0.966857 0.058582
vt 0.819022 0.450119
vt 0.785234 0.450119
vt 0.785234 0.134019
vt 0.819022 0.134019
vt 0.983939 0.083296
vt 0.983939 0.026003
vt 0.989582 0.026003
vt 0.989582 0.083296
vt 0.315563 0.574486
vt 0.819022 0.471890
vt 0.785234 0.471890
vt 0.933608 0.471890
vt 0.876315 0.471890
vt 0.876315 0.450119
vt 0.933608 0.450119
vt 0.967434 0.471890
vt 0.967434 0.450119
vt 0.774205 0.063176
vt 0.831498 0.063176
vt 0.831498 0.068811
vt 0.774205 0.068811
vt 0.888791 0.063176
vt 0.888791 0.068811
vt 0.746054 0.178387
vt 0.746054 0.212212
vt 0.430066 0.212212
vt 0.430066 0.178387
vt 0.909812 0.387492
vt 0.909898 0.365720
vt 0.915543 0.365740
vt 0.915457 0.387513
vt 0.983939 0.140589
vt 0.989582 0.140589
vt 0.921189 0.365720
vt 0.915543 0.365741
vt 0.968276 0.073882
vt 0.968276 0.107670
vt 0.962641 0.107670
vt 0.962641 0.073882
vt 0.962641 0.107707
vt 0.957005 0.107707
vt 0.957005 0.073882
vt 0.911386 0.139063
vt 0.911386 0.172850
vt 0.595399 0.172850
vt 0.595399 0.139063
vt 0.713307 0.029564
vt 0.713328 0.035210
vt 0.397224 0.035210
vt 0.397203 0.029564
vt 0.915543 0.049637
vt 0.921189 0.049616
vt 0.909898 0.049616
vt 0.915543 0.049637
vt 0.933608 0.134019
vt 0.967434 0.134019
vt 0.713328 0.023919
vt 0.713307 0.029564
vt 0.397224 0.023919
vt 0.951362 0.107670
vt 0.951362 0.073882
vt 0.957005 0.107670
vt 0.945719 0.107707
vt 0.945719 0.073882
vt 0.951362 0.107707
vt 0.899814 0.058619
vt 0.899814 0.024794
vt 0.933335 0.024794
vt 0.933335 0.058619
vt 0.819022 0.505417
vt 0.785234 0.505417
vt 0.915325 0.421043
vt 0.909679 0.421022
vt 0.818215 0.044769
vt 0.823860 0.044768
vt 0.823860 0.078298
vt 0.818215 0.078299
vt 0.865815 0.139063
vt 0.865816 0.133417
vt 0.899346 0.133417
vt 0.899345 0.139063
vt 0.967434 0.505417
vt 0.933608 0.505417
vt 0.184430 0.283799
vt 0.184430 0.257884
vt 0.184430 0.264363
vt 0.131539 0.264363
vt 0.131539 0.257884
vt 0.237320 0.257884
vt 0.237320 0.264363
vt 0.111747 0.257884
vt 0.102156 0.257884
vt 0.257129 0.257884
vt 0.266736 0.257884
vt 0.045971 0.377478
vt 0.037161 0.377461
vt 0.088700 0.985151
vt 0.089619 0.796797
vt 0.094196 0.787088
vt 0.093200 0.993754
vt 0.571051 0.995160
vt 0.571051 0.854845
vt 0.575594 0.849585
vt 0.575594 1.000420
vt 0.638588 0.755246
vt 0.639508 0.923421
vt 0.635008 0.931103
vt 0.634012 0.746578
vt 0.147695 0.974836
vt 0.147695 0.823157
vt 0.152336 0.817471
vt 0.152336 0.980522
vt 0.161348 0.980522
vt 0.161348 0.817471
vt 0.101993 0.999188
vt 0.101993 0.780397
vt 0.218918 0.962704
vt 0.218918 0.829031
vt 0.381325 0.829032
vt 0.381324 0.962704
vt 0.583383 1.000420
vt 0.583383 0.849585
vt 0.626215 0.740603
vt 0.626215 0.935954
vt 0.911754 0.597001
vt 0.921304 0.596837
vt 0.829645 0.604158
vt 0.976848 0.972700
vt 0.982020 0.963014
vt 0.735888 0.567142
vt 0.729376 0.567141
vt 0.469539 0.931954
vt 0.478349 0.931937
vt 0.728912 0.567287
vt 0.737722 0.567334
vt 0.728193 0.569160
vt 0.737003 0.569173
s 0
usemtl Material
f 181/50/8 81/51/8 45/52/8 116/53/8
f 70/54/9 116/53/9 45/52/9 46/55/9
f 69/56/10 92/57/10 374/58/10 44/59/10
f 211/60/11 82/61/11 42/62/11 188/63/11
f 82/64/12 80/65/12 41/66/12 42/67/12
f 199/68/13 377/69/13 378/70/13 40/71/13
f 118/72/12 248/73/12 245/74/12 50/75/12
f 218/76/14 118/77/14 50/78/14 197/79/14
f 77/80/10 75/81/10 120/82/10
f 409/83/15 59/84/15 138/85/15 407/86/15
f 194/87/16 64/88/16 52/89/16 196/90/16
f 64/91/12 250/92/12 247/93/12 52/94/12
f 58/95/17 52/96/17 252/97/17 251/98/17
f 433/99/17 58/95/17 251/98/17 449/100/17
f 265/101/18 177/102/18 274/103/18 273/104/18
f 196/90/16 52/89/16 58/105/16 195/106/16
f 434/107/19 115/108/19 260/109/19 450/110/19
f 87/111/20 83/112/20 101/113/20 109/114/20
f 173/115/21 171/116/21 270/117/21
f 61/118/10 243/119/10 237/120/10
f 53/121/10 240/122/10 243/119/10 61/118/10
f 84/123/22 87/111/22 109/114/22 106/124/22
f 175/125/23 363/126/23 173/115/23 147/127/23 142/128/23
f 183/129/24 175/125/24 142/128/24 141/130/24
f 202/131/25 201/132/25 104/133/25 98/134/25
f 68/135/12 90/136/12 94/137/12
f 94/138/26 84/123/26 106/124/26 111/139/26
f 40/140/12 378/141/12 90/136/12 68/135/12
f 199/142/16 40/143/16 68/144/16 215/145/16
f 442/146/27 183/129/27 141/130/27 437/147/27
f 88/148/28 86/149/28 107/150/28 114/151/28
f 79/152/10 81/153/10 73/154/10 71/155/10
f 76/156/12 78/157/12 72/158/12 74/159/12
f 212/160/29 76/161/29 74/162/29 213/163/29
f 269/164/30 270/165/30 286/166/30 285/167/30
f 65/168/31 266/169/31 178/170/31
f 197/171/32 50/172/32 249/173/32 405/174/32
f 50/75/12 245/74/12 249/175/12
f 71/155/10 73/154/10 75/81/10 77/80/10
f 46/176/10 45/177/10 81/153/10 79/152/10
f 74/159/12 72/158/12 80/65/12 82/64/12
f 213/163/33 74/162/33 82/61/33 211/60/33
f 177/178/34 265/179/34 181/180/34
f 83/181/12 87/182/12 124/183/12 123/184/12
f 64/185/12 246/186/12 250/187/12
f 95/188/35 69/189/35 105/190/35 113/191/35
f 93/192/36 246/193/36 64/194/36 97/195/36 110/196/36
f 69/56/10 95/197/10 92/57/10
f 86/198/37 88/199/37 136/200/37 133/201/37
f 415/202/38 133/203/38 167/204/38 419/205/38
f 338/206/39 191/207/39 297/208/39 351/209/39
f 89/210/12 83/181/12 123/184/12 125/211/12
f 412/212/40 90/136/40 127/213/40 414/214/40
f 85/215/10 91/216/10 131/217/10 130/218/10
f 413/219/41 86/198/41 133/201/41 415/220/41
f 89/210/12 93/221/12 83/181/12
f 94/137/12 90/136/12 412/212/12 84/222/12
f 92/57/10 95/197/10 86/198/10 413/219/10
f 96/223/10 91/216/10 85/215/10
f 104/224/12 106/225/12 109/226/12 101/227/12 98/228/12
f 98/228/12 101/227/12 110/229/12 97/230/12
f 100/231/10 102/232/10 114/233/10 107/234/10 99/235/10
f 99/235/10 107/234/10 113/236/10 105/237/10
f 106/225/12 104/224/12 108/238/12 111/239/12
f 102/232/10 100/231/10 103/240/10 112/241/10
f 83/112/42 93/242/42 110/243/42 101/113/42
f 86/149/43 95/244/43 113/245/43 107/150/43
f 68/246/44 94/247/44 111/248/44 108/249/44
f 85/250/45 88/148/45 114/151/45 102/251/45
f 61/252/46 237/253/46 96/254/46 112/255/46 103/256/46
f 210/257/25 202/131/25 98/134/25 97/258/25
f 201/132/25 200/259/25 108/260/25 104/133/25
f 96/261/47 85/250/47 102/251/47 112/262/47
f 215/263/48 68/246/48 108/249/48 200/264/48
f 210/265/49 97/195/49 64/194/49 194/266/49
f 47/267/10 242/268/10 239/269/10 115/270/10
f 185/271/50 184/272/50 146/273/50 154/274/50
f 443/275/16 433/276/16 118/77/16 218/76/16
f 447/277/51 238/278/51 258/279/51 451/280/51
f 119/281/12 78/157/12 76/156/12
f 120/82/10 75/81/10 49/282/10 235/283/10
f 207/284/52 119/285/52 76/286/52 212/287/52
f 124/288/53 128/289/53 162/290/53 158/291/53
f 130/292/54 131/293/54 165/294/54 164/295/54
f 77/296/29 179/297/29 176/298/29 71/299/29
f 343/300/55 178/170/55 177/178/55 342/301/55
f 338/302/31 65/168/31 178/170/31 343/300/31
f 136/303/56 130/292/56 164/295/56 170/304/56
f 128/305/57 124/183/57 87/182/57 84/222/57
f 47/306/32 66/307/32 406/308/32 241/309/32
f 436/310/58 134/311/58 168/312/58 440/313/58
f 126/314/59 125/315/59 159/316/59 160/317/59
f 130/218/10 136/200/10 88/199/10 85/215/10
f 71/299/33 176/298/33 180/318/33 79/319/33
f 123/320/60 124/288/60 158/291/60 157/321/60
f 125/315/61 123/320/61 157/321/61 159/316/61
f 342/301/34 177/178/34 181/180/34 344/322/34
f 121/323/62 126/314/62 160/317/62 155/324/62
f 103/325/63 100/326/63 172/327/63 182/328/63
f 99/329/63 105/330/63 57/331/63 51/332/63
f 150/333/64 158/334/64 162/335/64 149/336/64
f 148/337/10 170/338/10 164/339/10
f 439/340/12 155/341/12 145/342/12 438/343/12
f 140/344/12 156/345/12 139/346/12
f 155/341/12 160/347/12 144/348/12 145/342/12
f 159/349/12 157/350/12 150/333/12 143/351/12
f 157/350/12 158/334/12 150/333/12
f 160/347/12 159/349/12 143/351/12 144/348/12
f 418/352/65 161/353/65 152/354/65 416/355/65
f 161/353/12 153/356/12 408/357/12 152/354/12
f 440/358/10 168/359/10 146/360/10 437/361/10
f 164/339/10 165/362/10 147/363/10 148/337/10
f 419/364/66 167/365/66 151/366/66 417/367/66
f 138/368/10 169/369/10 137/370/10 407/371/10
f 165/362/10 163/372/10 142/373/10 147/363/10
f 168/359/10 154/374/10 146/360/10
f 167/365/67 170/338/67 148/337/67 151/366/67
f 163/372/10 166/375/10 141/376/10 142/373/10
f 69/189/68 174/377/68 57/378/68 105/190/68
f 414/379/69 127/380/69 161/381/69 418/382/69
f 435/383/70 121/323/70 155/324/70 439/384/70
f 43/385/71 135/386/71 169/387/71 138/388/71
f 103/256/72 182/389/72 60/390/72 61/252/72
f 206/391/12 208/392/12 291/393/12 298/394/12
f 127/395/73 39/396/73 153/397/73 161/398/73
f 48/399/74 122/400/74 156/401/74 140/402/74
f 131/293/75 129/403/75 163/404/75 165/294/75
f 134/405/76 49/406/76 154/402/76 168/401/76
f 434/407/16 441/408/16 186/409/16 115/410/16
f 133/203/77 136/303/77 170/304/77 167/204/77
f 120/411/52 187/412/52 179/413/52 77/414/52
f 129/403/78 132/415/78 166/416/78 163/404/78
f 138/417/79 59/418/79 67/419/79 43/420/79
f 193/421/79 153/422/79 39/423/79 189/424/79
f 44/425/16 117/426/16 174/427/16 69/428/16
f 100/326/63 99/329/63 51/332/63 172/327/63
f 328/429/24 331/430/24 175/125/24 183/129/24
f 331/430/23 367/431/23 175/125/23
f 333/432/21 334/433/21 171/116/21 173/115/21
f 53/434/16 63/435/16 62/436/16 55/437/16
f 334/433/80 319/438/80 54/439/80 171/116/80
f 61/440/16 60/441/16 63/435/16 53/434/16
f 411/442/15 321/443/15 59/84/15 409/83/15
f 115/410/14 186/409/14 66/444/14 47/445/14
f 44/446/13 374/447/13 375/448/13 117/449/13
f 79/319/11 180/318/11 70/450/11 46/451/11
f 336/452/9 326/453/9 116/53/9 70/54/9
f 344/454/8 181/50/8 116/53/8 326/453/8
f 80/455/8 205/456/8 198/457/8 41/458/8
f 42/459/9 41/458/9 198/457/9 188/460/9
f 408/461/15 153/462/15 193/463/15 410/464/15
f 416/465/81 152/466/81 192/467/81 422/468/81
f 150/469/80 149/470/80 268/471/80 267/472/80
f 143/473/21 150/469/21 267/472/21 216/474/21
f 144/475/23 143/473/23 216/474/23 362/476/23 214/477/23
f 145/478/24 144/475/24 214/477/24 209/479/24
f 321/480/79 193/481/79 189/482/79 337/483/79
f 140/484/50 139/485/50 208/486/50 206/487/50
f 72/488/34 264/489/34 205/490/34 80/491/34
f 48/492/31 191/493/31 263/494/31 78/495/31
f 78/495/55 263/494/55 264/489/55 72/488/55
f 330/496/82 180/497/82 222/498/82 346/499/82
f 460/500/16 443/275/16 218/76/16 335/501/16
f 329/502/16 210/257/16 194/87/16 322/503/16
f 332/504/16 215/145/16 200/259/16 339/505/16
f 340/506/16 339/505/16 200/259/16 201/132/16
f 329/502/16 341/507/16 202/131/16 210/257/16
f 438/508/27 145/478/27 209/479/27 444/509/27
f 213/510/12 211/511/12 221/512/12 225/513/12
f 176/514/10 179/515/10 224/516/10 226/517/10
f 207/518/12 212/519/12 223/520/12 228/521/12
f 327/522/16 199/142/16 215/145/16 332/504/16
f 341/507/16 340/506/16 201/132/16 202/131/16
f 324/523/16 196/90/16 195/106/16 323/524/16
f 322/503/16 194/87/16 196/90/16 324/523/16
f 335/501/14 218/76/14 197/79/14 325/525/14
f 327/526/13 376/527/13 377/69/13 199/68/13
f 330/528/11 211/60/11 188/63/11 336/529/11
f 349/530/83 228/531/83 223/532/83 347/533/83
f 348/534/84 225/535/84 221/536/84 346/499/84
f 345/537/85 219/538/85 228/531/85 349/530/85
f 347/533/86 223/532/86 225/539/86 348/540/86
f 187/541/10 220/542/10 227/543/10
f 325/544/87 197/545/87 219/538/87 345/537/87
f 197/546/12 405/547/12 207/518/12 219/548/12
f 179/515/10 187/549/10 227/550/10 224/516/10
f 212/519/12 213/510/12 225/513/12 223/520/12
f 180/551/10 176/514/10 226/517/10 222/552/10
f 232/553/12 89/210/12 125/211/12 126/554/12
f 229/555/12 232/553/12 126/554/12 121/556/12
f 445/557/12 229/555/12 121/556/12 435/558/12
f 230/559/12 231/560/12 122/561/12 48/562/12
f 119/281/12 230/559/12 48/562/12 78/157/12
f 91/216/10 233/563/10 129/564/10 131/217/10
f 236/565/10 235/283/10 49/282/10 134/566/10
f 235/283/10 242/268/10 241/567/10 120/82/10
f 233/563/10 234/568/10 132/569/10 129/564/10
f 446/570/10 236/565/10 134/566/10 436/571/10
f 243/119/10 240/122/10 233/563/10 91/216/10
f 239/269/10 242/268/10 235/283/10 236/565/10
f 241/567/10 242/268/10 47/267/10
f 240/122/10 238/572/10 234/568/10 233/563/10
f 447/573/10 239/269/10 236/565/10 446/570/10
f 237/120/10 243/119/10 91/216/10 96/223/10
f 247/93/12 250/92/12 89/210/12 232/553/12
f 244/574/12 247/93/12 232/553/12 229/555/12
f 250/92/12 246/575/12 93/221/12 89/210/12
f 249/175/12 245/74/12 230/559/12 119/281/12
f 448/576/12 244/574/12 229/555/12 445/557/12
f 245/74/12 248/73/12 231/560/12 230/559/12
f 256/577/10 258/578/10 254/579/10 255/580/10
f 207/284/88 249/173/88 119/285/88
f 241/309/88 187/412/88 120/411/88
f 450/581/10 451/582/10 258/578/10 256/577/10
f 252/583/12 253/584/12 259/585/12 251/586/12
f 449/587/12 452/588/12 262/589/12 257/590/12
f 248/591/89 118/592/89 257/593/89 262/594/89
f 53/595/19 55/596/19 256/597/19 255/598/19
f 115/599/89 239/600/89 261/594/89 260/601/89
f 52/602/79 247/603/79 253/604/79 252/605/79
f 238/278/90 240/606/90 254/607/90 258/279/90
f 448/608/91 248/609/91 262/610/91 452/611/91
f 247/612/92 244/613/92 259/614/92 253/615/92
f 240/616/79 53/617/79 255/618/79 254/619/79
f 140/620/93 206/621/93 191/493/93 48/492/93
f 185/622/94 65/623/94 296/624/94 295/625/94
f 185/626/93 154/627/93 49/628/93 65/168/93
f 276/629/95 275/630/95 285/631/95 286/632/95
f 178/633/96 266/634/96 271/635/96 272/636/96
f 205/490/34 264/489/34 203/637/34
f 263/494/31 191/493/31 204/638/31
f 265/179/55 266/169/55 75/639/55 73/640/55
f 266/169/31 65/168/31 49/628/31 75/639/31
f 181/180/34 265/179/34 73/640/34 81/641/34
f 264/642/97 263/643/97 283/644/97 284/645/97
f 216/474/21 267/472/21 217/646/21
f 270/117/21 148/647/21 147/127/21 173/115/21
f 423/648/81 56/649/81 137/650/81 417/651/81
f 270/117/80 269/652/80 151/653/80 148/647/80
f 272/654/55 271/655/55 273/656/55 274/657/55
f 284/658/55 283/659/55 281/660/55 282/661/55
f 279/662/95 277/663/95 278/664/95 280/665/95
f 268/666/98 190/667/98 278/668/98 277/669/98
f 267/670/99 268/671/99 277/672/99 279/673/99
f 177/674/12 178/675/12 272/676/12 274/677/12
f 266/678/100 265/679/100 273/680/100 271/681/100
f 263/682/96 204/683/96 281/684/96 283/685/96
f 54/686/98 269/687/98 285/688/98 275/689/98
f 190/690/10 217/691/10 280/692/10 278/693/10
f 171/694/12 54/695/12 275/696/12 276/697/12
f 203/698/18 264/699/18 284/700/18 282/701/18
f 204/702/10 203/703/10 282/704/10 281/705/10
f 270/706/101 171/707/101 276/708/101 286/709/101
f 217/710/101 267/711/101 279/712/101 280/713/101
f 219/714/12 207/715/12 228/716/12
f 220/717/10 187/549/10 406/718/10 66/719/10
f 288/385/16 290/720/16 289/721/16 287/722/16
f 298/723/102 291/724/102 299/725/102 304/726/102
f 350/727/103 294/728/103 302/729/103 353/730/103
f 316/731/104 315/732/104 314/733/104 312/734/104
f 191/735/105 206/391/105 298/394/105 297/736/105
f 444/737/12 209/738/12 293/739/12 454/740/12
f 184/741/10 185/622/10 295/625/10 292/742/10
f 442/743/10 184/741/10 292/742/10 453/744/10
f 328/745/106 183/746/106 294/747/106 350/748/106
f 455/749/107 300/750/107 306/751/107 457/752/107
f 304/753/108 299/754/108 305/755/108 310/756/108
f 292/757/109 295/758/109 303/759/109 300/760/109
f 454/761/110 293/762/110 301/763/110 456/764/110
f 352/765/111 298/766/111 304/767/111 354/730/111
f 453/768/112 292/757/112 300/760/112 455/769/112
f 459/770/113 356/771/113 308/772/113 457/752/113
f 357/773/114 355/774/114 306/751/114 309/775/114
f 353/776/115 302/777/115 308/778/115 356/779/115
f 456/780/116 301/781/116 307/782/116 458/783/116
f 354/784/117 304/753/117 310/756/117 357/773/117
f 300/750/118 303/785/118 309/775/118 306/751/118
f 359/786/119 313/787/119 311/788/119 358/789/119
f 361/790/120 316/791/120 312/792/120 358/793/120
f 318/794/121 317/795/121 311/796/121 313/797/121
f 360/798/122 318/799/122 313/800/122 359/801/122
f 352/802/123 295/803/123 318/799/123 360/798/123
f 295/625/124 296/624/124 317/795/124 318/794/124
f 351/209/125 297/208/125 316/791/125 361/790/125
f 297/736/126 298/394/126 315/732/126 316/731/126
f 296/804/125 351/209/125 361/790/125 317/805/125
f 298/806/123 352/802/123 360/798/123 315/807/123
f 315/807/122 360/798/122 359/801/122 314/808/122
f 317/805/120 361/790/120 358/793/120 311/809/120
f 314/810/119 359/786/119 358/789/119 312/811/119
f 303/785/117 354/784/117 357/773/117 309/775/117
f 301/812/115 353/776/115 356/779/115 307/813/115
f 310/756/114 305/755/114 355/774/114 357/773/114
f 458/783/113 307/782/113 356/771/113 459/770/113
f 295/814/111 352/765/111 354/730/111 303/729/111
f 209/815/106 328/745/106 350/748/106 293/816/106
f 293/817/103 350/727/103 353/730/103 301/767/103
f 66/818/87 325/544/87 345/537/87 220/819/87
f 224/820/86 347/533/86 348/540/86 226/821/86
f 220/819/85 345/537/85 349/530/85 227/822/85
f 226/823/84 348/534/84 346/499/84 222/498/84
f 227/822/83 349/530/83 347/533/83 224/820/83
f 180/318/11 330/528/11 336/529/11 70/450/11
f 117/449/13 375/448/13 376/527/13 327/526/13
f 186/409/14 335/501/14 325/525/14 66/444/14
f 60/441/16 322/503/16 324/523/16 63/435/16
f 63/435/16 324/523/16 323/524/16 62/436/16
f 172/327/16 51/332/16 340/506/16 341/507/16
f 117/426/16 327/522/16 332/504/16 174/427/16
f 182/328/16 172/327/16 341/507/16 329/502/16
f 51/332/16 57/331/16 339/505/16 340/506/16
f 174/427/16 332/504/16 339/505/16 57/331/16
f 182/328/16 329/502/16 322/503/16 60/441/16
f 441/408/16 460/500/16 335/501/16 186/409/16
f 211/824/82 330/496/82 346/499/82 221/536/82
f 59/825/79 321/480/79 337/483/79 67/826/79
f 205/456/8 344/454/8 326/453/8 198/457/8
f 188/460/9 198/457/9 326/453/9 336/452/9
f 410/464/15 193/463/15 321/443/15 411/442/15
f 217/646/80 190/827/80 319/438/80 334/433/80
f 216/474/21 217/646/21 334/433/21 333/432/21
f 214/477/23 364/828/23 331/430/23
f 209/479/24 214/477/24 331/430/24 328/429/24
f 203/637/34 342/301/34 344/322/34 205/490/34
f 191/493/31 338/302/31 343/300/31 204/638/31
f 204/638/55 343/300/55 342/301/55 203/637/55
f 65/829/39 338/206/39 351/209/39 296/804/39
f 369/830/127 370/831/127 372/832/127 368/833/127
f 366/834/128 367/835/128 373/836/128 371/837/128
f 333/432/23 365/838/23 216/474/23
f 363/126/23 367/431/23 366/839/23
f 333/432/23 173/115/23 366/839/23
f 364/828/23 214/477/23 362/476/23
f 216/474/23 365/838/23 362/476/23
f 366/839/23 173/115/23 363/126/23
f 175/125/23 367/431/23 363/126/23
f 333/840/129 366/841/129 371/842/129 368/843/129
f 365/838/23 364/828/23 362/476/23
f 371/844/127 373/845/127 369/830/127 368/833/127
f 331/846/130 364/847/130 370/831/130 369/830/130
f 367/848/131 331/846/131 369/830/131 373/845/131
f 365/849/132 333/840/132 368/843/132 372/850/132
f 364/851/133 365/852/133 372/853/133 370/854/133
f 374/58/10 92/57/10 135/855/10 43/856/10
f 388/857/12 378/858/12 400/859/12 403/860/12
f 375/861/134 374/862/134 399/863/134 397/864/134
f 382/865/135 381/866/135 396/867/135 393/868/135
f 376/869/136 375/870/136 385/871/136 386/872/136
f 90/136/12 378/141/12 39/873/12 127/213/12
f 385/874/137 384/875/137 381/866/137 382/865/137
f 387/876/137 386/877/137 383/878/137 379/879/137
f 386/877/137 385/874/137 382/865/137 383/878/137
f 388/880/137 387/876/137 379/879/137 380/881/137
f 67/882/138 337/883/138 383/884/138 382/885/138
f 337/883/138 189/886/138 379/887/138 383/884/138
f 189/888/139 39/889/139 390/890/139 389/891/139
f 374/892/10 43/893/10 381/894/10 384/895/10
f 377/896/136 376/869/136 386/872/136 387/897/136
f 39/898/12 378/858/12 388/857/12 380/899/12
f 391/900/138 392/901/138 393/902/138 396/903/138
f 389/903/138 390/904/138 395/905/138 394/906/138
f 43/907/139 67/908/139 392/909/139 391/910/139
f 67/911/12 382/912/12 393/913/12 392/914/12
f 39/898/12 380/899/12 395/915/12 390/916/12
f 381/894/10 43/893/10 391/917/10 396/918/10
f 380/881/135 379/879/135 394/919/135 395/920/135
f 379/921/10 189/922/10 389/914/10 394/923/10
f 397/924/136 399/925/136 402/906/136 398/926/136
f 400/927/136 401/928/136 404/925/136 403/929/136
f 378/930/134 377/931/134 401/932/134 400/933/134
f 384/875/137 385/874/137 398/934/137 402/935/137
f 374/892/10 384/895/10 402/936/10 399/937/10
f 377/938/10 387/939/10 404/940/10 401/941/10
f 385/942/12 375/943/12 397/944/12 398/945/12
f 387/876/137 388/880/137 403/946/137 404/947/137
f 405/174/88 249/173/88 207/284/88
f 241/309/88 406/308/88 187/412/88
f 192/467/140 410/464/140 411/442/140 320/948/140
f 152/466/140 408/461/140 410/464/140 192/467/140
f 320/948/140 411/442/140 409/83/140 56/649/140
f 56/649/140 409/83/140 407/86/140 137/650/140
f 319/949/141 424/950/141 420/951/141 54/952/141
f 190/953/141 421/954/141 424/950/141 319/949/141
f 269/955/142 423/648/142 417/651/142 151/956/142
f 268/957/143 422/468/143 421/954/143 190/953/143
f 149/958/142 416/465/142 422/468/142 268/957/142
f 128/289/144 414/379/144 418/382/144 162/290/144
f 169/369/145 419/364/145 417/367/145 137/370/145
f 162/335/146 418/352/146 416/355/146 149/336/146
f 92/57/147 413/219/147 415/220/147 135/855/147
f 84/222/148 412/212/148 414/214/148 128/305/148
f 135/959/149 415/202/149 419/205/149 169/960/149
f 54/952/150 420/951/150 423/648/150 269/955/150
f 420/951/151 56/649/151 423/648/151
f 424/950/152 56/649/152 420/951/152
f 421/954/152 320/948/152 424/950/152
f 421/954/153 422/468/153 192/467/153
f 424/950/152 320/948/152 56/649/152
f 421/954/152 192/467/152 320/948/152
f 425/961/154 427/962/154 428/963/154 426/964/154
f 427/965/155 431/966/155 432/967/155 428/968/155
f 431/969/156 429/970/156 430/971/156 432/972/156
f 429/973/157 425/974/157 426/975/157 430/976/157
f 289/977/158 430/976/158 426/975/158 287/978/158
f 287/979/10 426/964/10 428/963/10 288/980/10
f 431/981/159 427/982/159 425/983/159 429/984/159
f 288/985/160 428/968/160 432/967/160 290/986/160
f 290/987/12 432/972/12 430/971/12 289/988/12
f 62/436/16 323/524/16 460/500/16 441/408/16
f 305/755/113 458/783/113 459/770/113 355/774/113
f 299/754/161 456/780/161 458/783/161 305/755/161
f 355/774/113 459/770/113 457/752/113 306/751/113
f 294/989/162 453/768/162 455/769/162 302/990/162
f 291/724/163 454/761/163 456/764/163 299/725/163
f 302/991/164 455/749/164 457/752/164 308/772/164
f 183/992/10 442/743/10 453/744/10 294/993/10
f 208/392/12 444/737/12 454/740/12 291/393/12
f 244/613/91 448/608/91 452/611/91 259/614/91
f 251/586/12 259/585/12 452/588/12 449/587/12
f 260/994/10 261/995/10 451/582/10 450/581/10
f 248/73/12 448/576/12 445/557/12 231/560/12
f 238/572/10 447/573/10 446/570/10 234/568/10
f 234/568/10 446/570/10 436/571/10 132/569/10
f 231/560/12 445/557/12 435/558/12 122/561/12
f 139/485/27 438/508/27 444/509/27 208/486/27
f 323/524/16 195/106/16 443/275/16 460/500/16
f 55/437/16 62/436/16 441/408/16 434/407/16
f 122/996/165 435/383/165 439/384/165 156/997/165
f 166/375/10 440/358/10 437/361/10 141/376/10
f 156/345/12 439/340/12 438/343/12 139/346/12
f 132/415/166 436/310/166 440/313/166 166/416/166
f 239/998/51 447/277/51 451/280/51 261/999/51
f 195/106/16 58/105/16 433/276/16 443/275/16
f 184/272/27 442/146/27 437/147/27 146/273/27
f 55/596/19 434/107/19 450/110/19 256/597/19
f 118/1000/17 433/99/17 449/100/17 257/1001/17
o Cylinder.004
v -0.006703 3.285336 -1.040402
v -0.006703 3.399300 -0.912215
v 0.103686 3.266092 -1.027492
v 0.121115 3.376996 -0.899338
v 0.197269 3.211291 -0.990726
v 0.229474 3.313479 -0.862666
v 0.259799 3.129276 -0.935703
v 0.301877 3.218420 -0.807784
v 0.281756 3.032532 -0.870798
v 0.327302 3.106290 -0.743045
v 0.259799 2.935788 -0.805893
v 0.301877 2.994160 -0.678307
v 0.197269 2.853773 -0.750869
v 0.229474 2.899100 -0.623425
v 0.103686 2.798972 -0.714104
v 0.121115 2.835584 -0.586753
v -0.006703 2.779728 -0.701193
v -0.006703 2.813280 -0.573876
v -0.117091 2.798972 -0.714104
v -0.134521 2.835584 -0.586753
v -0.210674 2.853773 -0.750869
v -0.242880 2.899100 -0.623425
v -0.273204 2.935788 -0.805893
v -0.315283 2.994160 -0.678307
v -0.295162 3.032532 -0.870798
v -0.340708 3.106290 -0.743045
v -0.273204 3.129276 -0.935703
v -0.315283 3.218420 -0.807784
v -0.210674 3.211291 -0.990726
v -0.242880 3.313479 -0.862666
v -0.117091 3.266092 -1.027492
v -0.134521 3.376996 -0.899338
v -0.006703 3.417907 -1.129344
v 0.161574 3.388572 -1.109663
v 0.188144 3.518956 -0.981298
v -0.006703 3.552957 -1.000929
v 0.304233 3.305034 -1.053618
v 0.353327 3.422131 -0.925396
v 0.399554 3.180009 -0.969739
v 0.463699 3.277222 -0.841733
v 0.433026 3.032532 -0.870798
v 0.502456 3.106290 -0.743045
v 0.399554 2.885055 -0.771856
v 0.463699 2.935358 -0.644358
v 0.304233 2.760030 -0.687978
v 0.353327 2.790449 -0.560695
v 0.161574 2.676491 -0.631932
v 0.188144 2.693624 -0.504792
v -0.006703 2.647156 -0.612252
v -0.006703 2.659623 -0.485162
v -0.174980 2.676491 -0.631932
v -0.201550 2.693624 -0.504792
v -0.317638 2.760030 -0.687978
v -0.366733 2.790449 -0.560695
v -0.412960 2.885055 -0.771856
v -0.477105 2.935358 -0.644358
v -0.446432 3.032532 -0.870798
v -0.515862 3.106290 -0.743045
v -0.412960 3.180009 -0.969739
v -0.477105 3.277222 -0.841733
v -0.317638 3.305034 -1.053618
v -0.366733 3.422131 -0.925396
v -0.174980 3.388572 -1.109663
v -0.201550 3.518956 -0.981298
v -0.006703 3.350542 -1.084149
v 0.132159 3.326335 -1.067909
v 0.154084 3.446820 -0.939651
v -0.006703 3.474877 -0.955849
v 0.249880 3.257399 -1.021660
v 0.290392 3.366920 -0.893521
v 0.328539 3.154229 -0.952444
v 0.381471 3.247342 -0.824482
v 0.356160 3.032532 -0.870798
v 0.413453 3.106290 -0.743045
v 0.328539 2.910835 -0.789152
v 0.381471 2.965237 -0.661609
v 0.249880 2.807665 -0.719936
v 0.290392 2.845659 -0.592570
v 0.132159 2.738729 -0.673687
v 0.154084 2.765759 -0.546440
v -0.006703 2.714522 -0.657447
v -0.006703 2.737702 -0.530241
v -0.145564 2.738729 -0.673687
v -0.167489 2.765759 -0.546440
v -0.263285 2.807665 -0.719936
v -0.303798 2.845659 -0.592570
v -0.341944 2.910835 -0.789152
v -0.394876 2.965237 -0.661609
v -0.369565 3.032532 -0.870798
v -0.426859 3.106290 -0.743045
v -0.341944 3.154229 -0.952444
v -0.394876 3.247342 -0.824482
v -0.263285 3.257399 -1.021660
v -0.303798 3.366920 -0.893521
v -0.145564 3.326335 -1.067909
v -0.167489 3.446820 -0.939651
vn 0.1946 0.6719 -0.7147
vn 0.5437 0.5182 -0.6602
vn 0.7886 0.2532 -0.5603
vn 0.9011 -0.0620 -0.4292
vn 0.8838 -0.3745 -0.2804
vn 0.7493 -0.6499 -0.1271
vn 0.5082 -0.8612 0.0098
vn 0.1810 -0.9789 0.0950
vn -0.1810 -0.9789 0.0950
vn -0.5082 -0.8612 0.0098
vn -0.7493 -0.6499 -0.1271
vn -0.8838 -0.3745 -0.2804
vn -0.9011 -0.0620 -0.4292
vn -0.7886 0.2532 -0.5603
vn -0.0000 0.5000 0.8660
vn -0.5437 0.5182 -0.6602
vn -0.1946 0.6719 -0.7147
vn -0.0000 -0.5571 -0.8304
vn -0.8032 -0.2885 0.5213
vn 0.9366 -0.3118 -0.1601
vn -0.3923 0.8118 -0.4325
vn -0.0000 -0.8660 0.5000
vn 0.8157 0.3242 -0.4791
vn 0.5269 0.8455 -0.0867
vn 0.5567 0.5825 -0.5923
vn 0.7766 0.6274 0.0573
vn 0.1981 0.7301 -0.6540
vn 0.9125 0.3442 0.2211
vn -0.1981 0.7301 -0.6540
vn -0.5567 0.5825 -0.5923
vn -0.9366 -0.3118 -0.1601
vn -0.8157 0.3242 -0.4791
vn -0.7989 -0.6014 0.0118
vn 0.3923 0.8118 -0.4325
vn -0.5417 -0.8253 0.1599
vn 0.8032 -0.2885 0.5213
vn -0.9277 0.3023 -0.2190
vn 0.5507 -0.5502 0.6277
vn -0.1965 -0.7009 0.6856
vn 0.1965 -0.7009 0.6856
vn -0.5507 -0.5502 0.6277
vn 0.7989 -0.6014 0.0118
vn 0.5417 -0.8253 0.1599
vn 0.9277 0.3023 -0.2190
vn -0.5269 0.8455 -0.0867
vn -0.7766 0.6274 0.0573
vn -0.9125 0.3442 0.2211
vt 0.294787 0.364456
vt 0.294787 0.000000
vt 0.336785 0.001097
vt 0.331547 0.360577
vt 0.391226 0.002797
vt 0.379958 0.348303
vt 0.449822 0.004842
vt 0.432650 0.329501
vt 0.503652 0.006919
vt 0.481599 0.307034
vt 0.503652 0.301202
vt 0.503652 0.000000
vt 0.547295 0.001545
vt 0.543845 0.278266
vt 0.602553 0.004142
vt 0.593688 0.259934
vt 0.661012 0.007396
vt 0.645592 0.248997
vt 0.713773 0.010813
vt 0.691656 0.247119
vt 0.572678 0.611575
vt 0.550561 0.375268
vt 0.603322 0.371852
vt 0.618742 0.613452
vt 0.661781 0.368597
vt 0.670646 0.624389
vt 0.717038 0.366000
vt 0.720489 0.642722
vt 0.760682 0.364455
vt 0.760682 0.665658
vt 0.022053 0.601821
vt 0.000000 0.301706
vt 0.053830 0.299629
vt 0.071003 0.624288
vt 0.112426 0.297585
vt 0.123694 0.643090
vt 0.065424 0.202164
vt 0.050704 0.166626
vt 0.050704 0.128161
vt 0.065424 0.092624
vt 0.092624 0.065424
vt 0.128161 0.050704
vt 0.166626 0.050704
vt 0.202164 0.065424
vt 0.229363 0.092624
vt 0.244083 0.128161
vt 0.244083 0.166626
vt 0.229363 0.202164
vt 0.202164 0.229363
vt 0.166626 0.244083
vt 0.128161 0.244083
vt 0.092624 0.229363
vt 0.166867 0.295884
vt 0.172105 0.655365
vt 0.208865 0.294787
vt 0.208865 0.659243
vt 0.439362 0.607837
vt 0.405987 0.606055
vt 0.375153 0.589867
vt 0.351553 0.561736
vt 0.338781 0.525947
vt 0.338781 0.487946
vt 0.351553 0.453520
vt 0.375153 0.427910
vt 0.405987 0.415014
vt 0.439362 0.416797
vt 0.470196 0.432985
vt 0.493795 0.461116
vt 0.506567 0.496905
vt 0.506567 0.534906
vt 0.493795 0.569332
vt 0.470196 0.594942
vt 0.401683 0.630464
vt 0.443666 0.632705
vt 0.448112 0.658396
vt 0.397236 0.655680
vt 0.025765 0.171587
vt 0.044282 0.216291
vt 0.022439 0.230885
vt -0.000000 0.176712
vt 0.362895 0.610099
vt 0.350232 0.631002
vt 0.078497 0.250505
vt 0.063902 0.272348
vt 0.333209 0.574713
vt 0.314257 0.588119
vt 0.123200 0.269022
vt 0.118075 0.294787
vt 0.317142 0.529692
vt 0.294787 0.533561
vt 0.171587 0.269022
vt 0.176712 0.294787
vt 0.317142 0.481890
vt 0.294787 0.475633
vt 0.216291 0.250505
vt 0.230885 0.272348
vt 0.333209 0.438585
vt 0.314257 0.423154
vt 0.250505 0.216291
vt 0.272348 0.230885
vt 0.362895 0.406369
vt 0.350232 0.384114
vt 0.269022 0.171587
vt 0.294787 0.176712
vt 0.401683 0.390147
vt 0.397236 0.364456
vt 0.269022 0.123200
vt 0.294787 0.118075
vt 0.443666 0.392388
vt 0.448112 0.367172
vt 0.250505 0.078497
vt 0.272348 0.063902
vt 0.482453 0.412753
vt 0.495116 0.391850
vt 0.216291 0.044282
vt 0.230885 0.022439
vt 0.512140 0.448139
vt 0.531092 0.434732
vt 0.171587 0.025765
vt 0.176712 -0.000000
vt 0.528206 0.493160
vt 0.550561 0.489291
vt 0.123200 0.025765
vt 0.118075 -0.000000
vt 0.528206 0.540962
vt 0.550561 0.547219
vt 0.078497 0.044282
vt 0.063902 0.022439
vt 0.512140 0.584267
vt 0.531092 0.599698
vt 0.044282 0.078497
vt 0.022439 0.063902
vt 0.482453 0.616483
vt 0.495116 0.638738
vt 0.025765 0.123200
vt -0.000000 0.118075
vt 0.713773 0.000000
vt 0.759419 0.000395
vt 0.763211 0.337696
vt 0.722985 0.320306
vt 0.158120 0.659685
vt 0.186765 0.659304
vt 0.192737 0.944097
vt 0.167134 0.960408
vt 0.208865 0.295519
vt 0.230182 0.294787
vt 0.230182 0.615592
vt 0.211334 0.612121
vt 0.137782 0.659243
vt 0.149569 0.960026
vt 0.914641 0.001171
vt 0.953091 0.002109
vt 0.941553 0.318551
vt 0.907119 0.331247
vt 0.387623 0.658561
vt 0.432569 0.658396
vt 0.426610 0.910348
vt 0.387039 0.921864
vt 0.878918 0.000431
vt 0.875448 0.339631
vt 0.339240 0.658561
vt 0.344126 0.938886
vt 0.851362 0.000000
vt 0.851362 0.342428
vt 0.294787 0.658396
vt 0.304404 0.958822
vt 0.972444 0.364886
vt 1.000000 0.364456
vt 1.000000 0.706884
vt 0.975913 0.704087
vt 0.550561 0.666061
vt 0.570900 0.665658
vt 0.568127 0.966228
vt 0.550561 0.966576
vt 0.936721 0.365627
vt 0.944242 0.695702
vt 0.507225 0.658874
vt 0.535868 0.658396
vt 0.535868 0.959255
vt 0.509788 0.943718
vt 0.898270 0.366564
vt 0.909809 0.683006
vt 0.470951 0.659900
vt 0.477322 0.931083
vt 0.230182 0.294787
vt 0.251498 0.295519
vt 0.249030 0.612121
vt 0.432569 0.661317
vt 0.443413 0.923273
vt 0.852624 0.364850
vt 0.898271 0.364456
vt 0.889058 0.684761
vt 0.848833 0.702152
vt 0.269934 0.658396
vt 0.294787 0.659354
vt 0.294787 0.921559
vt 0.273065 0.910774
vt 0.804309 0.364850
vt 0.806569 0.713544
vt 0.807734 0.000395
vt 0.851362 0.000000
vt 0.843341 0.352748
vt 0.805474 0.349089
vt 0.760682 0.364456
vt 0.768703 0.717204
vt 0.223053 0.659243
vt 0.224810 0.930495
vt 0.261461 0.659509
vt 0.258470 0.921672
vt 0.251498 0.295745
vt 0.276351 0.294787
vt 0.273220 0.547165
vt 0.251498 0.557950
vt -0.000000 0.659243
vt 0.044946 0.659407
vt 0.045530 0.922710
vt 0.005959 0.911195
vt 0.093329 0.659407
vt 0.088443 0.939732
vt 0.137782 0.659243
vt 0.128165 0.959669
s 0
usemtl SteeringWheel.002
f 493/1002/167 496/1003/167 495/1004/167 494/1005/167
f 494/1005/168 495/1004/168 498/1006/168 497/1007/168
f 497/1007/169 498/1006/169 500/1008/169 499/1009/169
f 499/1009/170 500/1008/170 502/1010/170 501/1011/170
f 501/1012/171 502/1013/171 504/1014/171 503/1015/171
f 503/1015/172 504/1014/172 506/1016/172 505/1017/172
f 505/1017/173 506/1016/173 508/1018/173 507/1019/173
f 507/1019/174 508/1018/174 510/1020/174 509/1021/174
f 509/1022/175 510/1023/175 512/1024/175 511/1025/175
f 511/1025/176 512/1024/176 514/1026/176 513/1027/176
f 513/1027/177 514/1026/177 516/1028/177 515/1029/177
f 515/1029/178 516/1028/178 518/1030/178 517/1031/178
f 517/1032/179 518/1033/179 520/1034/179 519/1035/179
f 519/1035/180 520/1034/180 522/1036/180 521/1037/180
f 464/1038/181 462/1039/181 492/1040/181 490/1041/181 488/1042/181 486/1043/181 484/1044/181 482/1045/181 480/1046/181 478/1047/181 476/1048/181 474/1049/181 472/1050/181 470/1051/181 468/1052/181 466/1053/181
f 521/1037/182 522/1036/182 524/1054/182 523/1055/182
f 523/1055/183 524/1054/183 496/1056/183 493/1057/183
f 461/1058/184 463/1059/184 465/1060/184 467/1061/184 469/1062/184 471/1063/184 473/1064/184 475/1065/184 477/1066/184 479/1067/184 481/1068/184 483/1069/184 485/1070/184 487/1071/184 489/1072/184 491/1073/184
f 526/1074/184 525/1075/184 493/1076/184 494/1077/184
f 528/1078/181 527/1079/181 495/1080/181 496/1081/181
f 529/1082/184 526/1074/184 494/1077/184 497/1083/184
f 527/1079/181 530/1084/181 498/1085/181 495/1080/181
f 531/1086/184 529/1082/184 497/1083/184 499/1087/184
f 530/1084/181 532/1088/181 500/1089/181 498/1085/181
f 533/1090/184 531/1086/184 499/1087/184 501/1091/184
f 532/1088/181 534/1092/181 502/1093/181 500/1089/181
f 535/1094/184 533/1090/184 501/1091/184 503/1095/184
f 534/1092/181 536/1096/181 504/1097/181 502/1093/181
f 537/1098/184 535/1094/184 503/1095/184 505/1099/184
f 536/1096/181 538/1100/181 506/1101/181 504/1097/181
f 539/1102/184 537/1098/184 505/1099/184 507/1103/184
f 538/1100/181 540/1104/181 508/1105/181 506/1101/181
f 541/1106/184 539/1102/184 507/1103/184 509/1107/184
f 540/1104/181 542/1108/181 510/1109/181 508/1105/181
f 543/1110/184 541/1106/184 509/1107/184 511/1111/184
f 542/1108/181 544/1112/181 512/1113/181 510/1109/181
f 545/1114/184 543/1110/184 511/1111/184 513/1115/184
f 544/1112/181 546/1116/181 514/1117/181 512/1113/181
f 547/1118/184 545/1114/184 513/1115/184 515/1119/184
f 546/1116/181 548/1120/181 516/1121/181 514/1117/181
f 549/1122/184 547/1118/184 515/1119/184 517/1123/184
f 548/1120/181 550/1124/181 518/1125/181 516/1121/181
f 551/1126/184 549/1122/184 517/1123/184 519/1127/184
f 550/1124/181 552/1128/181 520/1129/181 518/1125/181
f 553/1130/184 551/1126/184 519/1127/184 521/1131/184
f 552/1128/181 554/1132/181 522/1133/181 520/1129/181
f 555/1134/184 553/1130/184 521/1131/184 523/1135/184
f 554/1132/181 556/1136/181 524/1137/181 522/1133/181
f 525/1075/184 555/1134/184 523/1135/184 493/1076/184
f 556/1136/181 528/1078/181 496/1081/181 524/1137/181
f 532/1138/185 530/1139/185 529/1140/185 531/1141/185
f 470/1142/186 472/1143/186 471/1144/186 469/1145/186
f 468/1146/187 532/1147/187 531/1148/187 467/1149/187
f 534/1150/188 470/1142/188 469/1145/188 533/1151/188
f 466/1152/189 468/1153/189 467/1154/189 465/1155/189
f 546/1156/190 544/1157/190 543/1158/190 545/1159/190
f 469/1062/184 467/1061/184 531/1086/184 533/1090/184
f 468/1052/181 470/1051/181 534/1092/181 532/1088/181
f 464/1160/191 466/1152/191 465/1155/191 463/1161/191
f 548/1162/192 546/1156/192 545/1159/192 547/1163/192
f 462/1164/193 464/1160/193 463/1161/193 461/1165/193
f 550/1166/194 548/1162/194 547/1163/194 549/1167/194
f 492/1168/195 462/1169/195 461/1170/195 491/1171/195
f 486/1172/188 550/1173/188 549/1174/188 485/1175/188
f 477/1066/184 475/1065/184 539/1102/184 541/1106/184
f 476/1048/181 478/1047/181 542/1108/181 540/1104/181
f 479/1067/184 477/1066/184 541/1106/184 543/1110/184
f 478/1047/181 480/1046/181 544/1112/181 542/1108/181
f 490/1176/196 492/1168/196 491/1171/196 489/1177/196
f 484/1178/197 486/1179/197 485/1180/197 483/1181/197
f 488/1182/198 490/1176/198 489/1177/198 487/1183/198
f 482/1184/199 484/1178/199 483/1181/199 481/1185/199
f 552/1186/200 488/1187/200 487/1188/200 551/1148/200
f 480/1189/201 482/1184/201 481/1185/201 479/1190/201
f 487/1071/184 485/1070/184 549/1122/184 551/1126/184
f 486/1043/181 488/1042/181 552/1128/181 550/1124/181
f 554/1191/202 552/1192/202 551/1193/202 553/1194/202
f 544/1195/203 480/1196/203 479/1197/203 543/1198/203
f 556/1199/204 554/1191/204 553/1194/204 555/1200/204
f 527/1201/205 528/1202/205 525/1203/205 526/1204/205
f 528/1205/206 556/1199/206 555/1200/206 525/1206/206
f 530/1139/207 527/1201/207 526/1204/207 529/1140/207
f 472/1143/208 474/1207/208 473/1208/208 471/1144/208
f 474/1207/209 476/1209/209 475/1210/209 473/1208/209
f 476/1211/210 540/1212/210 539/1213/210 475/1214/210
f 540/1215/211 538/1216/211 537/1217/211 539/1218/211
f 538/1216/212 536/1219/212 535/1220/212 537/1217/212
f 536/1219/213 534/1221/213 533/1222/213 535/1220/213
o Cylinder.003
v -0.885135 0.659037 -2.390353
v -1.462001 0.659037 -2.390353
v -0.885135 0.737552 -2.382620
v -1.462001 0.737552 -2.382620
v -0.885135 0.813051 -2.359718
v -1.462001 0.813051 -2.359718
v -0.885135 0.882630 -2.322527
v -1.462001 0.882630 -2.322527
v -0.885135 0.943617 -2.272476
v -1.462001 0.943617 -2.272476
v -0.885135 0.993668 -2.211489
v -1.462001 0.993668 -2.211489
v -0.885135 1.030859 -2.141909
v -1.462001 1.030859 -2.141909
v -0.885135 1.053761 -2.066411
v -1.462001 1.053761 -2.066411
v -0.885135 1.061494 -1.987895
v -1.462001 1.061494 -1.987895
v -0.885135 1.053761 -1.909380
v -1.462001 1.053761 -1.909380
v -0.885135 1.030859 -1.833882
v -1.462001 1.030859 -1.833882
v -0.885135 0.993668 -1.764302
v -1.462001 0.993668 -1.764302
v -0.885135 0.943617 -1.703315
v -1.462001 0.943617 -1.703315
v -0.885135 0.882630 -1.653264
v -1.462001 0.882630 -1.653264
v -0.885135 0.813051 -1.616073
v -1.462001 0.813051 -1.616073
v -0.885135 0.737552 -1.593171
v -1.462001 0.737552 -1.593171
v -0.885135 0.659037 -1.585438
v -1.462001 0.659037 -1.585438
v -0.885135 0.580521 -1.593171
v -1.462001 0.580521 -1.593171
v -0.885135 0.505023 -1.616073
v -1.462001 0.505023 -1.616073
v -0.885135 0.435443 -1.653264
v -1.462001 0.435443 -1.653264
v -0.885135 0.374456 -1.703315
v -1.462001 0.374456 -1.703315
v -0.885135 0.324405 -1.764302
v -1.462001 0.324405 -1.764302
v -0.885135 0.287214 -1.833882
v -1.462001 0.287214 -1.833882
v -0.885135 0.264312 -1.909380
v -1.462001 0.264312 -1.909380
v -0.885135 0.256579 -1.987895
v -1.462001 0.256579 -1.987895
v -0.885135 0.264312 -2.066411
v -1.462001 0.264312 -2.066411
v -0.885135 0.287214 -2.141909
v -1.462001 0.287214 -2.141909
v -0.885135 0.324405 -2.211489
v -1.462001 0.324405 -2.211489
v -0.885135 0.374456 -2.272476
v -1.462001 0.374456 -2.272476
v -0.885135 0.435443 -2.322527
v -1.462001 0.435443 -2.322527
v -0.885135 0.505023 -2.359718
v -1.462001 0.505023 -2.359718
v -0.885135 0.580521 -2.382620
v -1.462001 0.580521 -2.382620
v -0.885135 0.659037 -2.641275
v -0.885135 0.786505 -2.628720
v -1.462001 0.786505 -2.628720
v -1.462001 0.659037 -2.641275
v -0.885135 0.909074 -2.591539
v -1.462001 0.909074 -2.591539
v -0.885135 1.022035 -2.531160
v -1.462001 1.022035 -2.531160
v -0.885135 1.121046 -2.449904
v -1.462001 1.121046 -2.449904
v -0.885135 1.202302 -2.350893
v -1.462001 1.202302 -2.350893
v -0.885135 1.262681 -2.237933
v -1.462001 1.262681 -2.237933
v -0.885135 1.299861 -2.115363
v -1.462001 1.299861 -2.115363
v -0.885135 1.312416 -1.987895
v -1.462001 1.312416 -1.987895
v -0.885135 1.299861 -1.860427
v -1.462001 1.299861 -1.860427
v -0.885135 1.262681 -1.737858
v -1.462001 1.262681 -1.737858
v -0.885135 1.202302 -1.624897
v -1.462001 1.202302 -1.624897
v -0.885135 1.121046 -1.525887
v -1.462001 1.121046 -1.525887
v -0.885135 1.022035 -1.444631
v -1.462001 1.022035 -1.444631
v -0.885135 0.909074 -1.384252
v -1.462001 0.909074 -1.384252
v -0.885135 0.786505 -1.347071
v -1.462001 0.786505 -1.347071
v -0.885135 0.659037 -1.334516
v -1.462001 0.659037 -1.334516
v -0.885135 0.531569 -1.347071
v -1.462001 0.531569 -1.347071
v -0.885135 0.408999 -1.384252
v -1.462001 0.408999 -1.384252
v -0.885135 0.296039 -1.444631
v -1.462001 0.296039 -1.444631
v -0.885135 0.197028 -1.525887
v -1.462001 0.197028 -1.525887
v -0.885135 0.115772 -1.624897
v -1.462001 0.115772 -1.624897
v -0.885135 0.055393 -1.737858
v -1.462001 0.055393 -1.737858
v -0.885135 0.018212 -1.860427
v -1.462001 0.018212 -1.860427
v -0.885135 0.005657 -1.987895
v -1.462001 0.005657 -1.987895
v -0.885135 0.018212 -2.115363
v -1.462001 0.018212 -2.115363
v -0.885135 0.055393 -2.237933
v -1.462001 0.055393 -2.237933
v -0.885135 0.115772 -2.350893
v -1.462001 0.115772 -2.350893
v -0.885135 0.197028 -2.449904
v -1.462001 0.197028 -2.449904
v -0.885135 0.296039 -2.531160
v -1.462001 0.296039 -2.531160
v -0.885135 0.408999 -2.591539
v -1.462001 0.408999 -2.591539
v -0.885135 0.531569 -2.628720
v -1.462001 0.531569 -2.628720
v -0.885135 0.659037 -2.509018
v -0.885135 0.760703 -2.499005
v -1.462001 0.760703 -2.499005
v -1.462001 0.659037 -2.509018
v -0.885135 0.858462 -2.469350
v -1.462001 0.858462 -2.469350
v -0.885135 0.948557 -2.421193
v -1.462001 0.948557 -2.421193
v -0.885135 1.027526 -2.356385
v -1.462001 1.027526 -2.356385
v -0.885135 1.092334 -2.277416
v -1.462001 1.092335 -2.277416
v -0.885135 1.140491 -2.187320
v -1.462001 1.140491 -2.187320
v -0.885135 1.170146 -2.089561
v -1.462001 1.170146 -2.089561
v -0.885135 1.180159 -1.987895
v -1.462001 1.180159 -1.987895
v -0.885135 1.170146 -1.886230
v -1.462001 1.170146 -1.886230
v -0.885135 1.140491 -1.788471
v -1.462001 1.140491 -1.788471
v -0.885135 1.092334 -1.698375
v -1.462001 1.092335 -1.698375
v -0.885135 1.027526 -1.619406
v -1.462001 1.027526 -1.619406
v -0.885135 0.948557 -1.554598
v -1.462001 0.948557 -1.554598
v -0.885135 0.858462 -1.506441
v -1.462001 0.858462 -1.506441
v -0.885135 0.760703 -1.476786
v -1.462001 0.760703 -1.476786
v -0.885135 0.659037 -1.466773
v -1.462001 0.659037 -1.466773
v -0.885135 0.557371 -1.476786
v -1.462001 0.557371 -1.476786
v -0.885135 0.459612 -1.506441
v -1.462001 0.459612 -1.506441
v -0.885135 0.369516 -1.554598
v -1.462001 0.369517 -1.554598
v -0.885135 0.290547 -1.619406
v -1.462001 0.290547 -1.619406
v -0.885135 0.225739 -1.698375
v -1.462001 0.225739 -1.698375
v -0.885135 0.177582 -1.788471
v -1.462001 0.177582 -1.788471
v -0.885135 0.147927 -1.886230
v -1.462001 0.147927 -1.886230
v -0.885135 0.137914 -1.987895
v -1.462001 0.137914 -1.987895
v -0.885135 0.147927 -2.089561
v -1.462001 0.147927 -2.089561
v -0.885135 0.177582 -2.187320
v -1.462001 0.177582 -2.187320
v -0.885135 0.225739 -2.277416
v -1.462001 0.225739 -2.277416
v -0.885135 0.290547 -2.356385
v -1.462001 0.290547 -2.356385
v -0.885135 0.369516 -2.421193
v -1.462001 0.369517 -2.421193
v -0.885135 0.459612 -2.469350
v -1.462001 0.459612 -2.469350
v -0.885135 0.557371 -2.499005
v -1.462001 0.557371 -2.499005
v -0.930979 0.659037 -2.509018
v -0.930979 0.760703 -2.499005
v -1.416156 0.760703 -2.499005
v -1.416156 0.659037 -2.509018
v -0.930979 0.858462 -2.469350
v -1.416156 0.858462 -2.469350
v -0.930979 0.948557 -2.421193
v -1.416156 0.948557 -2.421193
v -0.930979 1.027526 -2.356385
v -1.416156 1.027526 -2.356385
v -0.930979 1.092334 -2.277416
v -1.416156 1.092334 -2.277416
v -0.930979 1.140491 -2.187320
v -1.416156 1.140491 -2.187320
v -0.930979 1.170146 -2.089561
v -1.416156 1.170146 -2.089561
v -0.930979 1.180159 -1.987895
v -1.416156 1.180159 -1.987895
v -0.930979 1.170146 -1.886230
v -1.416156 1.170146 -1.886230
v -0.930979 1.140491 -1.788471
v -1.416156 1.140491 -1.788471
v -0.930979 1.092334 -1.698375
v -1.416156 1.092334 -1.698375
v -0.930979 1.027526 -1.619406
v -1.416156 1.027526 -1.619406
v -0.930979 0.948557 -1.554598
v -1.416156 0.948557 -1.554598
v -0.930979 0.858462 -1.506441
v -1.416156 0.858462 -1.506441
v -0.930979 0.760703 -1.476786
v -1.416156 0.760703 -1.476786
v -0.930979 0.659037 -1.466773
v -1.416156 0.659037 -1.466773
v -0.930979 0.557371 -1.476786
v -1.416156 0.557371 -1.476786
v -0.930979 0.459612 -1.506441
v -1.416156 0.459612 -1.506441
v -0.930979 0.369516 -1.554598
v -1.416156 0.369517 -1.554598
v -0.930979 0.290547 -1.619406
v -1.416156 0.290547 -1.619406
v -0.930979 0.225739 -1.698375
v -1.416156 0.225739 -1.698375
v -0.930979 0.177582 -1.788471
v -1.416156 0.177582 -1.788471
v -0.930979 0.147927 -1.886230
v -1.416156 0.147927 -1.886230
v -0.930979 0.137914 -1.987895
v -1.416156 0.137914 -1.987895
v -0.930979 0.147927 -2.089561
v -1.416156 0.147927 -2.089561
v -0.930979 0.177582 -2.187320
v -1.416156 0.177582 -2.187320
v -0.930979 0.225739 -2.277416
v -1.416156 0.225739 -2.277416
v -0.930979 0.290547 -2.356385
v -1.416156 0.290547 -2.356385
v -0.930979 0.369516 -2.421193
v -1.416156 0.369517 -2.421193
v -0.930979 0.459612 -2.469350
v -1.416156 0.459612 -2.469350
v -0.930979 0.557371 -2.499005
v -1.416156 0.557371 -2.499005
v -0.930979 0.659037 -2.390353
v -0.930979 0.737552 -2.382620
v -1.416156 0.737552 -2.382620
v -1.416156 0.659037 -2.390353
v -0.930979 0.813051 -2.359718
v -1.416156 0.813051 -2.359718
v -0.930979 0.882630 -2.322527
v -1.416156 0.882630 -2.322527
v -0.930979 0.943617 -2.272476
v -1.416156 0.943617 -2.272476
v -0.930979 0.993668 -2.211489
v -1.416156 0.993668 -2.211489
v -0.930979 1.030859 -2.141909
v -1.416156 1.030859 -2.141909
v -0.930979 1.053761 -2.066411
v -1.416156 1.053761 -2.066411
v -0.930979 1.061494 -1.987895
v -1.416156 1.061494 -1.987895
v -0.930979 1.053761 -1.909380
v -1.416156 1.053761 -1.909380
v -0.930979 1.030859 -1.833882
v -1.416156 1.030859 -1.833882
v -0.930979 0.993668 -1.764302
v -1.416156 0.993668 -1.764302
v -0.930979 0.943617 -1.703315
v -1.416156 0.943617 -1.703315
v -0.930979 0.882630 -1.653264
v -1.416156 0.882630 -1.653264
v -0.930979 0.813051 -1.616073
v -1.416156 0.813051 -1.616073
v -0.930979 0.737552 -1.593171
v -1.416156 0.737552 -1.593171
v -0.930979 0.659037 -1.585438
v -1.416156 0.659037 -1.585438
v -0.930979 0.580521 -1.593171
v -1.416156 0.580521 -1.593171
v -0.930979 0.505023 -1.616073
v -1.416156 0.505023 -1.616073
v -0.930979 0.435443 -1.653264
v -1.416156 0.435443 -1.653264
v -0.930979 0.374456 -1.703315
v -1.416156 0.374456 -1.703315
v -0.930979 0.324405 -1.764302
v -1.416156 0.324405 -1.764302
v -0.930979 0.287214 -1.833882
v -1.416156 0.287214 -1.833882
v -0.930979 0.264312 -1.909380
v -1.416156 0.264312 -1.909380
v -0.930979 0.256579 -1.987895
v -1.416156 0.256579 -1.987895
v -0.930979 0.264312 -2.066411
v -1.416156 0.264312 -2.066411
v -0.930979 0.287214 -2.141909
v -1.416156 0.287214 -2.141909
v -0.930979 0.324405 -2.211489
v -1.416156 0.324405 -2.211489
v -0.930979 0.374456 -2.272476
v -1.416156 0.374456 -2.272476
v -0.930979 0.435443 -2.322527
v -1.416156 0.435443 -2.322527
v -0.930979 0.505023 -2.359718
v -1.416156 0.505023 -2.359718
v -0.930979 0.580521 -2.382620
v -1.416156 0.580521 -2.382620
vn -0.0000 0.0980 -0.9952
vn -0.0000 0.2903 -0.9569
vn -0.0000 0.4714 -0.8819
vn -0.0000 0.6344 -0.7730
vn -0.0000 0.7730 -0.6344
vn -0.0000 0.8819 -0.4714
vn -0.0000 0.9569 -0.2903
vn -0.0000 0.9952 -0.0980
vn -0.0000 0.9952 0.0980
vn -0.0000 0.9569 0.2903
vn -0.0000 0.8819 0.4714
vn -0.0000 0.7730 0.6344
vn -0.0000 0.6344 0.7730
vn -0.0000 0.4714 0.8819
vn -0.0000 0.2903 0.9569
vn -0.0000 0.0980 0.9952
vn -0.0000 -0.0980 0.9952
vn -0.0000 -0.2903 0.9569
vn -0.0000 -0.4714 0.8819
vn -0.0000 -0.6344 0.7730
vn -0.0000 -0.7730 0.6344
vn -0.0000 -0.8819 0.4714
vn -0.0000 -0.9569 0.2903
vn -0.0000 -0.9952 0.0980
vn -0.0000 -0.9952 -0.0980
vn -0.0000 -0.9569 -0.2903
vn -0.0000 -0.8819 -0.4714
vn -0.0000 -0.7730 -0.6344
vn -0.0000 -0.6344 -0.7730
vn -0.0000 -0.4714 -0.8819
vn -1.0000 -0.0000 -0.0000
vn -0.0000 -0.2903 -0.9569
vn -0.0000 -0.0980 -0.9952
vn 1.0000 -0.0000 -0.0000
vt 0.334312 0.581412
vt 0.334312 0.356643
vt 0.364613 0.356643
vt 0.364613 0.581412
vt 0.396781 0.356643
vt 0.396781 0.581412
vt 0.429578 0.356643
vt 0.429578 0.581412
vt 0.461746 0.356643
vt 0.461746 0.581412
vt 0.492047 0.356643
vt 0.492047 0.581412
vt 0.304473 0.356643
vt 0.304473 0.581412
vt 0.327665 0.356643
vt 0.327665 0.581412
vt 0.305812 0.581449
vt 0.305812 0.356680
vt 0.333082 0.356680
vt 0.333082 0.581449
vt 0.363383 0.356680
vt 0.363383 0.581449
vt 0.395550 0.356680
vt 0.395550 0.581449
vt 0.428348 0.356680
vt 0.428348 0.581449
vt 0.460516 0.356680
vt 0.460516 0.581449
vt 0.490817 0.356680
vt 0.490817 0.581449
vt 0.518087 0.356680
vt 0.518087 0.581449
vt 0.541278 0.356680
vt 0.541278 0.581449
vt 0.559500 0.356680
vt 0.559500 0.581449
vt 0.345886 0.356643
vt 0.345886 0.581412
vt 0.369078 0.356643
vt 0.369078 0.581412
vt 0.396348 0.356643
vt 0.396348 0.581412
vt 0.426649 0.356643
vt 0.426649 0.581412
vt 0.458817 0.356643
vt 0.458817 0.581412
vt 0.491614 0.356643
vt 0.491614 0.581412
vt 0.523782 0.356643
vt 0.523782 0.581412
vt 0.554083 0.356643
vt 0.554083 0.581412
vt 0.320804 0.580623
vt 0.320804 0.355854
vt 0.348074 0.355854
vt 0.348074 0.580623
vt 0.378375 0.355854
vt 0.378375 0.580623
vt 0.410542 0.355854
vt 0.410542 0.580623
vt 0.443340 0.355854
vt 0.443340 0.580623
vt 0.475508 0.355854
vt 0.475508 0.580623
vt 0.505809 0.355854
vt 0.505809 0.580623
vt 0.635775 0.851442
vt 0.621490 0.837157
vt 0.610267 0.820360
vt 0.602536 0.801695
vt 0.598594 0.781881
vt 0.598594 0.761679
vt 0.602536 0.741865
vt 0.610267 0.723201
vt 0.621490 0.706403
vt 0.635775 0.692118
vt 0.652573 0.680895
vt 0.671237 0.673164
vt 0.691051 0.669222
vt 0.711253 0.669222
vt 0.731067 0.673164
vt 0.749731 0.680895
vt 0.766529 0.692118
vt 0.780814 0.706403
vt 0.792038 0.723201
vt 0.799769 0.741865
vt 0.803710 0.761679
vt 0.803710 0.781881
vt 0.799769 0.801695
vt 0.792038 0.820360
vt 0.780814 0.837157
vt 0.766529 0.851442
vt 0.749732 0.862666
vt 0.731067 0.870397
vt 0.711253 0.874338
vt 0.691051 0.874338
vt 0.671237 0.870397
vt 0.652573 0.862666
vt 0.533079 0.355854
vt 0.533079 0.580623
vt 0.307042 0.581412
vt 0.307042 0.356643
vt 0.714265 0.813093
vt 0.703041 0.796295
vt 0.695310 0.777631
vt 0.691369 0.757817
vt 0.691369 0.737615
vt 0.695310 0.717801
vt 0.703041 0.699137
vt 0.714265 0.682339
vt 0.728550 0.668054
vt 0.745347 0.656830
vt 0.764012 0.649099
vt 0.783825 0.645158
vt 0.804028 0.645158
vt 0.823842 0.649099
vt 0.842506 0.656830
vt 0.859303 0.668054
vt 0.873588 0.682339
vt 0.884812 0.699137
vt 0.892543 0.717801
vt 0.896484 0.737615
vt 0.896484 0.757817
vt 0.892543 0.777631
vt 0.884812 0.796295
vt 0.873588 0.813093
vt 0.859303 0.827378
vt 0.842506 0.838602
vt 0.823842 0.846333
vt 0.804028 0.850274
vt 0.783826 0.850274
vt 0.764012 0.846333
vt 0.745347 0.838602
vt 0.728550 0.827378
vt 0.061218 0.237154
vt 0.075751 0.258904
vt 0.049573 0.280389
vt 0.031351 0.253118
vt 0.075751 0.258612
vt 0.094248 0.277109
vt 0.072764 0.303288
vt 0.049573 0.280096
vt 0.051208 0.212986
vt 0.018800 0.222817
vt 0.115999 0.291642
vt 0.100034 0.321509
vt 0.046104 0.187330
vt 0.012402 0.190650
vt 0.140166 0.301653
vt 0.130335 0.334060
vt 0.046104 0.161172
vt 0.012402 0.157852
vt 0.165822 0.306756
vt 0.162503 0.340459
vt 0.051208 0.135515
vt 0.018800 0.125685
vt 0.191981 0.306756
vt 0.195300 0.340459
vt 0.061218 0.111348
vt 0.031351 0.095384
vt 0.217637 0.301653
vt 0.227468 0.334060
vt 0.075751 0.089598
vt 0.049573 0.068113
vt 0.241805 0.291642
vt 0.257769 0.321509
vt 0.094248 0.071101
vt 0.072764 0.044922
vt 0.263555 0.277109
vt 0.285039 0.303288
vt 0.115999 0.056568
vt 0.100034 0.026701
vt 0.282052 0.258612
vt 0.308231 0.280096
vt 0.140166 0.046557
vt 0.130335 0.014150
vt 0.296585 0.236862
vt 0.326452 0.252826
vt 0.165822 0.041454
vt 0.162503 0.007751
vt 0.306595 0.212694
vt 0.339003 0.222525
vt 0.191981 0.041454
vt 0.195300 0.007751
vt 0.311699 0.187038
vt 0.345402 0.190358
vt 0.217637 0.046557
vt 0.227468 0.014150
vt 0.311699 0.160879
vt 0.345402 0.157560
vt 0.241805 0.056568
vt 0.257769 0.026701
vt 0.306595 0.135223
vt 0.339003 0.125393
vt 0.263555 0.071101
vt 0.285039 0.044922
vt 0.296585 0.111056
vt 0.326452 0.095091
vt 0.282052 0.089598
vt 0.308231 0.068113
vt 0.282052 0.089306
vt 0.308231 0.067821
vt 0.296585 0.111348
vt 0.326452 0.095384
vt 0.263555 0.070808
vt 0.285039 0.044630
vt 0.306595 0.135515
vt 0.339003 0.125685
vt 0.241805 0.056275
vt 0.257769 0.026408
vt 0.311699 0.161172
vt 0.345402 0.157852
vt 0.217637 0.046265
vt 0.227468 0.013857
vt 0.311699 0.187330
vt 0.345402 0.190650
vt 0.191981 0.041162
vt 0.195300 0.007459
vt 0.306595 0.212986
vt 0.339003 0.222817
vt 0.165822 0.041162
vt 0.162503 0.007459
vt 0.296585 0.237154
vt 0.326452 0.253118
vt 0.140166 0.046265
vt 0.130335 0.013857
vt 0.282052 0.258904
vt 0.308231 0.280389
vt 0.115999 0.056275
vt 0.100034 0.026408
vt 0.263555 0.277401
vt 0.285039 0.303580
vt 0.094248 0.070808
vt 0.072764 0.044630
vt 0.241805 0.291934
vt 0.257769 0.321801
vt 0.075751 0.089306
vt 0.049573 0.067821
vt 0.217637 0.301945
vt 0.227468 0.334352
vt 0.061218 0.111056
vt 0.031351 0.095091
vt 0.191981 0.307048
vt 0.195300 0.340751
vt 0.051208 0.135223
vt 0.018800 0.125393
vt 0.165822 0.307048
vt 0.162503 0.340751
vt 0.046104 0.160879
vt 0.012402 0.157560
vt 0.140166 0.301945
vt 0.130335 0.334352
vt 0.046104 0.187038
vt 0.012402 0.190358
vt 0.115999 0.291934
vt 0.100034 0.321801
vt 0.051208 0.212694
vt 0.018800 0.222525
vt 0.094248 0.277401
vt 0.072764 0.303580
vt 0.061218 0.236862
vt 0.031351 0.252826
vt 0.905332 0.038478
vt 0.905332 0.018664
vt 0.931924 0.018664
vt 0.931924 0.038478
vt 0.694483 0.252953
vt 0.694483 0.277121
vt 0.667891 0.277121
vt 0.667891 0.252953
vt 0.936432 0.033704
vt 0.936432 0.053518
vt 0.909840 0.053518
vt 0.909840 0.033704
vt 0.662493 0.225885
vt 0.662493 0.204134
vt 0.689085 0.204134
vt 0.689085 0.225885
vt 0.905332 0.058680
vt 0.931924 0.058680
vt 0.694483 0.231203
vt 0.667891 0.231203
vt 0.936432 0.073720
vt 0.909840 0.073720
vt 0.667186 0.384672
vt 0.667186 0.360505
vt 0.693779 0.360505
vt 0.693779 0.384672
vt 0.905332 0.078494
vt 0.931924 0.078494
vt 0.667186 0.360505
vt 0.667186 0.384672
vt 0.640594 0.384672
vt 0.640594 0.360505
vt 0.936432 0.093534
vt 0.909840 0.093534
vt 0.667186 0.334849
vt 0.693779 0.334849
vt 0.905332 0.097159
vt 0.931924 0.097159
vt 0.667186 0.334849
vt 0.640594 0.334849
vt 0.936432 0.112198
vt 0.909840 0.112198
vt 0.657587 0.405404
vt 0.657587 0.390871
vt 0.684179 0.390871
vt 0.684179 0.405404
vt 0.667186 0.308690
vt 0.693779 0.308690
vt 0.905332 0.113956
vt 0.931924 0.113956
vt 0.657587 0.390871
vt 0.630994 0.405404
vt 0.630994 0.390871
vt 0.667186 0.308690
vt 0.640594 0.308690
vt 0.936432 0.128996
vt 0.909840 0.128996
vt 0.657587 0.372374
vt 0.684179 0.372374
vt 0.667186 0.283034
vt 0.693779 0.283034
vt 0.905332 0.128241
vt 0.931924 0.128241
vt 0.630994 0.372374
vt 0.667186 0.283034
vt 0.640594 0.283034
vt 0.936432 0.143281
vt 0.909840 0.143281
vt 0.657587 0.350624
vt 0.684179 0.350624
vt 0.667186 0.258866
vt 0.693779 0.258866
vt 0.905332 0.139465
vt 0.931924 0.139465
vt 0.630994 0.350624
vt 0.667186 0.258866
vt 0.640594 0.258866
vt 0.936432 0.154505
vt 0.909840 0.154505
vt 0.657587 0.326456
vt 0.684179 0.326456
vt 0.667186 0.237116
vt 0.693779 0.237116
vt 0.910741 0.035999
vt 0.910741 0.024775
vt 0.937333 0.024775
vt 0.937333 0.035999
vt 0.657587 0.326456
vt 0.630994 0.326456
vt 0.667186 0.237116
vt 0.640594 0.237116
vt 0.943467 0.015040
vt 0.943467 0.026263
vt 0.916874 0.026263
vt 0.916874 0.015040
vt 0.657587 0.300800
vt 0.684179 0.300800
vt 0.667186 0.218619
vt 0.693779 0.218619
vt 0.910741 0.050284
vt 0.937333 0.050284
vt 0.657587 0.300800
vt 0.630994 0.300800
vt 0.667186 0.218619
vt 0.640594 0.218619
vt 0.943467 0.040548
vt 0.916874 0.040548
vt 0.657587 0.274641
vt 0.684179 0.274641
vt 0.667186 0.204086
vt 0.693779 0.204086
vt 0.910741 0.067082
vt 0.937333 0.067082
vt 0.630994 0.274641
vt 0.667186 0.204086
vt 0.640594 0.204086
vt 0.943467 0.057346
vt 0.916874 0.057346
vt 0.657587 0.248985
vt 0.684179 0.248985
vt 0.910741 0.085746
vt 0.937333 0.085746
vt 0.657587 0.248985
vt 0.630994 0.248985
vt 0.943467 0.076010
vt 0.916874 0.076010
vt 0.657587 0.224818
vt 0.684179 0.224818
vt 0.910741 0.105560
vt 0.937333 0.105560
vt 0.657587 0.224818
vt 0.630994 0.224818
vt 0.943467 0.095824
vt 0.916874 0.095824
vt 0.657587 0.203067
vt 0.684179 0.203067
vt 0.910741 0.125762
vt 0.937333 0.125762
vt 0.630994 0.203067
vt 0.943467 0.116026
vt 0.916874 0.116026
vt 0.657587 0.184570
vt 0.684179 0.184570
vt 0.041912 0.847376
vt 0.053135 0.864174
vt 0.029647 0.883450
vt 0.015114 0.861700
vt 0.052843 0.865846
vt 0.067128 0.880131
vt 0.047852 0.903620
vt 0.029355 0.885123
vt 0.034181 0.828712
vt 0.005103 0.837533
vt 0.083926 0.891355
vt 0.069602 0.918153
vt 0.030239 0.808898
vt 0.000000 0.811876
vt 0.102590 0.899086
vt 0.093770 0.928163
vt 0.030239 0.788696
vt 0.000000 0.785718
vt 0.122404 0.903027
vt 0.119426 0.933267
vt 0.034181 0.768882
vt 0.005103 0.760062
vt 0.142606 0.903027
vt 0.145584 0.933267
vt 0.041912 0.750218
vt 0.015114 0.735894
vt 0.162420 0.899086
vt 0.171241 0.928163
vt 0.053135 0.733420
vt 0.029647 0.714144
vt 0.181084 0.891355
vt 0.195408 0.918153
vt 0.067420 0.719135
vt 0.048144 0.695647
vt 0.197882 0.880131
vt 0.217158 0.903620
vt 0.084218 0.707911
vt 0.069894 0.681114
vt 0.212167 0.865846
vt 0.235655 0.885123
vt 0.102882 0.700180
vt 0.094062 0.671103
vt 0.223391 0.849049
vt 0.250188 0.863372
vt 0.122696 0.696239
vt 0.119718 0.666000
vt 0.231122 0.830384
vt 0.260199 0.839205
vt 0.142898 0.696239
vt 0.145877 0.666000
vt 0.235063 0.810570
vt 0.265302 0.813549
vt 0.162712 0.700180
vt 0.171533 0.671103
vt 0.235063 0.790368
vt 0.265302 0.787390
vt 0.181377 0.707911
vt 0.195700 0.681114
vt 0.231122 0.770554
vt 0.260199 0.761734
vt 0.198174 0.719135
vt 0.217450 0.695647
vt 0.223391 0.751890
vt 0.250188 0.737566
vt 0.212459 0.733420
vt 0.235947 0.714144
vt 0.212167 0.735093
vt 0.235655 0.715816
vt 0.223683 0.750218
vt 0.250480 0.735894
vt 0.197882 0.720807
vt 0.217158 0.697319
vt 0.231414 0.768882
vt 0.260491 0.760062
vt 0.181084 0.709584
vt 0.195408 0.682786
vt 0.235355 0.788696
vt 0.265594 0.785718
vt 0.162420 0.701853
vt 0.171240 0.672776
vt 0.235355 0.808898
vt 0.265594 0.811876
vt 0.142606 0.697912
vt 0.145584 0.667672
vt 0.231414 0.828712
vt 0.260491 0.837533
vt 0.122404 0.697912
vt 0.119426 0.667672
vt 0.223683 0.847376
vt 0.250481 0.861700
vt 0.102590 0.701853
vt 0.093769 0.672776
vt 0.212459 0.864174
vt 0.235947 0.883450
vt 0.083926 0.709584
vt 0.069602 0.682786
vt 0.198174 0.878459
vt 0.217450 0.901947
vt 0.067128 0.720808
vt 0.047852 0.697319
vt 0.181377 0.889683
vt 0.195700 0.916480
vt 0.052843 0.735093
vt 0.029355 0.715816
vt 0.162712 0.897414
vt 0.171533 0.926491
vt 0.041619 0.751890
vt 0.014822 0.737566
vt 0.142898 0.901355
vt 0.145877 0.931594
vt 0.033888 0.770554
vt 0.004811 0.761734
vt 0.122696 0.901355
vt 0.119718 0.931594
vt 0.029947 0.790368
vt -0.000292 0.787390
vt 0.102882 0.897414
vt 0.094062 0.926491
vt 0.029947 0.810571
vt -0.000292 0.813549
vt 0.084218 0.889683
vt 0.069894 0.916480
vt 0.033888 0.830384
vt 0.004811 0.839205
vt 0.067420 0.878459
vt 0.048144 0.901947
vt 0.041619 0.849049
vt 0.014822 0.863373
vt 0.662493 0.250052
vt 0.689085 0.250052
vt 0.936432 0.015040
vt 0.909840 0.015040
vt 0.694483 0.302777
vt 0.667891 0.302777
vt 0.905332 0.000000
vt 0.931924 0.000000
vt 0.662493 0.275708
vt 0.689085 0.275708
vt 0.931924 0.177137
vt 0.931924 0.193934
vt 0.905332 0.193934
vt 0.905332 0.177137
vt 0.694483 0.328936
vt 0.667891 0.328936
vt 0.933516 0.141667
vt 0.933516 0.124870
vt 0.960109 0.124870
vt 0.960109 0.141667
vt 0.662493 0.301867
vt 0.689085 0.301867
vt 0.931924 0.158473
vt 0.905332 0.158473
vt 0.694483 0.354592
vt 0.667891 0.354592
vt 0.933516 0.106206
vt 0.960109 0.106206
vt 0.662493 0.327523
vt 0.689085 0.327523
vt 0.963025 0.110331
vt 0.963025 0.128996
vt 0.936432 0.128996
vt 0.936432 0.110331
vt 0.931924 0.138659
vt 0.905332 0.138659
vt 0.694483 0.378759
vt 0.667891 0.378759
vt 0.937333 0.153017
vt 0.937333 0.134352
vt 0.963925 0.134352
vt 0.963925 0.153017
vt 0.933516 0.086392
vt 0.960109 0.086392
vt 0.662493 0.351691
vt 0.689085 0.351691
vt 0.963025 0.090517
vt 0.936432 0.090517
vt 0.931924 0.118456
vt 0.905332 0.118456
vt 0.694483 0.400509
vt 0.667891 0.400509
vt 0.937333 0.114538
vt 0.963925 0.114538
vt 0.933516 0.066189
vt 0.960109 0.066189
vt 0.662493 0.373441
vt 0.689085 0.373441
vt 0.963025 0.070315
vt 0.936432 0.070315
vt 0.931924 0.174927
vt 0.905332 0.174927
vt 0.664872 0.189453
vt 0.664872 0.211203
vt 0.638280 0.211203
vt 0.638280 0.189453
vt 0.937333 0.094336
vt 0.963925 0.094336
vt 0.933516 0.046375
vt 0.960109 0.046376
vt 0.664872 0.211203
vt 0.691465 0.189453
vt 0.691465 0.211203
vt 0.963025 0.050501
vt 0.936432 0.050501
vt 0.931924 0.156262
vt 0.905332 0.156262
vt 0.664872 0.235371
vt 0.638280 0.235371
vt 0.937333 0.074522
vt 0.963925 0.074522
vt 0.933516 0.027711
vt 0.960109 0.027711
vt 0.691465 0.235371
vt 0.963025 0.031837
vt 0.936432 0.031837
vt 0.931924 0.139465
vt 0.905332 0.139465
vt 0.664872 0.261027
vt 0.638280 0.261027
vt 0.937333 0.055858
vt 0.963925 0.055858
vt 0.933516 0.010914
vt 0.960109 0.010914
vt 0.691465 0.261027
vt 0.963025 0.015040
vt 0.936432 0.015040
vt 0.963025 0.145793
vt 0.936432 0.145793
vt 0.664872 0.287186
vt 0.638280 0.287186
vt 0.937333 0.039060
vt 0.963925 0.039060
vt 0.937333 0.169814
vt 0.963925 0.169814
vt 0.691465 0.287186
vt 0.943467 0.171302
vt 0.943467 0.185587
vt 0.916874 0.185587
vt 0.916874 0.171302
vt 0.664872 0.312842
vt 0.638280 0.312842
vt 0.937333 0.024775
vt 0.963925 0.024775
vt 0.664872 0.312842
vt 0.691465 0.312842
vt 0.943467 0.154505
vt 0.916874 0.154505
vt 0.664872 0.337009
vt 0.638280 0.337009
vt 0.910741 0.181038
vt 0.910741 0.164240
vt 0.937333 0.164240
vt 0.937333 0.181038
vt 0.664872 0.337009
vt 0.691465 0.337009
vt 0.943467 0.135840
vt 0.916874 0.135840
vt 0.664872 0.358760
vt 0.638280 0.358760
vt 0.910741 0.145576
vt 0.937333 0.145576
vt 0.664872 0.358760
vt 0.691465 0.358760
vt 0.657587 0.184570
vt 0.630994 0.184570
s 0
usemtl Material.004
f 621/1223/214 624/1224/214 623/1225/214 622/1226/214
f 622/1226/215 623/1225/215 626/1227/215 625/1228/215
f 625/1228/216 626/1227/216 628/1229/216 627/1230/216
f 627/1230/217 628/1229/217 630/1231/217 629/1232/217
f 629/1232/218 630/1231/218 632/1233/218 631/1234/218
f 631/1234/219 632/1233/219 634/1235/219 633/1236/219
f 633/1236/220 634/1235/220 636/1237/220 635/1238/220
f 635/1239/221 636/1240/221 638/1241/221 637/1242/221
f 637/1242/222 638/1241/222 640/1243/222 639/1244/222
f 639/1244/223 640/1243/223 642/1245/223 641/1246/223
f 641/1246/224 642/1245/224 644/1247/224 643/1248/224
f 643/1248/225 644/1247/225 646/1249/225 645/1250/225
f 645/1250/226 646/1249/226 648/1251/226 647/1252/226
f 647/1252/227 648/1251/227 650/1253/227 649/1254/227
f 649/1254/228 650/1253/228 652/1255/228 651/1256/228
f 651/1256/229 652/1255/229 654/1257/229 653/1258/229
f 653/1238/230 654/1237/230 656/1259/230 655/1260/230
f 655/1260/231 656/1259/231 658/1261/231 657/1262/231
f 657/1262/232 658/1261/232 660/1263/232 659/1264/232
f 659/1264/233 660/1263/233 662/1265/233 661/1266/233
f 661/1266/234 662/1265/234 664/1267/234 663/1268/234
f 663/1268/235 664/1267/235 666/1269/235 665/1270/235
f 665/1270/236 666/1269/236 668/1271/236 667/1272/236
f 667/1272/237 668/1271/237 670/1273/237 669/1274/237
f 669/1275/238 670/1276/238 672/1277/238 671/1278/238
f 671/1278/239 672/1277/239 674/1279/239 673/1280/239
f 673/1280/240 674/1279/240 676/1281/240 675/1282/240
f 675/1282/241 676/1281/241 678/1283/241 677/1284/241
f 677/1284/242 678/1283/242 680/1285/242 679/1286/242
f 679/1286/243 680/1285/243 682/1287/243 681/1288/243
f 560/1289/244 558/1290/244 620/1291/244 618/1292/244 616/1293/244 614/1294/244 612/1295/244 610/1296/244 608/1297/244 606/1298/244 604/1299/244 602/1300/244 600/1301/244 598/1302/244 596/1303/244 594/1304/244 592/1305/244 590/1306/244 588/1307/244 586/1308/244 584/1309/244 582/1310/244 580/1311/244 578/1312/244 576/1313/244 574/1314/244 572/1315/244 570/1316/244 568/1317/244 566/1318/244 564/1319/244 562/1320/244
f 681/1288/245 682/1287/245 684/1321/245 683/1322/245
f 683/1323/246 684/1324/246 624/1224/246 621/1223/246
f 557/1325/247 559/1326/247 561/1327/247 563/1328/247 565/1329/247 567/1330/247 569/1331/247 571/1332/247 573/1333/247 575/1334/247 577/1335/247 579/1336/247 581/1337/247 583/1338/247 585/1339/247 587/1340/247 589/1341/247 591/1342/247 593/1343/247 595/1344/247 597/1345/247 599/1346/247 601/1347/247 603/1348/247 605/1349/247 607/1350/247 609/1351/247 611/1352/247 613/1353/247 615/1354/247 617/1355/247 619/1356/247
f 686/1357/247 685/1358/247 621/1359/247 622/1360/247
f 688/1361/244 687/1362/244 623/1363/244 624/1364/244
f 689/1365/247 686/1357/247 622/1360/247 625/1366/247
f 687/1362/244 690/1367/244 626/1368/244 623/1363/244
f 691/1369/247 689/1365/247 625/1366/247 627/1370/247
f 690/1367/244 692/1371/244 628/1372/244 626/1368/244
f 693/1373/247 691/1369/247 627/1370/247 629/1374/247
f 692/1371/244 694/1375/244 630/1376/244 628/1372/244
f 695/1377/247 693/1373/247 629/1374/247 631/1378/247
f 694/1375/244 696/1379/244 632/1380/244 630/1376/244
f 697/1381/247 695/1377/247 631/1378/247 633/1382/247
f 696/1379/244 698/1383/244 634/1384/244 632/1380/244
f 699/1385/247 697/1381/247 633/1382/247 635/1386/247
f 698/1383/244 700/1387/244 636/1388/244 634/1384/244
f 701/1389/247 699/1385/247 635/1386/247 637/1390/247
f 700/1387/244 702/1391/244 638/1392/244 636/1388/244
f 703/1393/247 701/1389/247 637/1390/247 639/1394/247
f 702/1391/244 704/1395/244 640/1396/244 638/1392/244
f 705/1397/247 703/1393/247 639/1394/247 641/1398/247
f 704/1395/244 706/1399/244 642/1400/244 640/1396/244
f 707/1401/247 705/1397/247 641/1398/247 643/1402/247
f 706/1399/244 708/1403/244 644/1404/244 642/1400/244
f 709/1405/247 707/1401/247 643/1402/247 645/1406/247
f 708/1403/244 710/1407/244 646/1408/244 644/1404/244
f 711/1409/247 709/1405/247 645/1406/247 647/1410/247
f 710/1407/244 712/1411/244 648/1412/244 646/1408/244
f 713/1413/247 711/1409/247 647/1410/247 649/1414/247
f 712/1411/244 714/1415/244 650/1416/244 648/1412/244
f 715/1417/247 713/1413/247 649/1414/247 651/1418/247
f 714/1415/244 716/1419/244 652/1420/244 650/1416/244
f 717/1421/247 715/1417/247 651/1418/247 653/1422/247
f 716/1419/244 718/1423/244 654/1424/244 652/1420/244
f 719/1425/247 717/1421/247 653/1422/247 655/1426/247
f 718/1423/244 720/1427/244 656/1428/244 654/1424/244
f 721/1429/247 719/1425/247 655/1426/247 657/1430/247
f 720/1427/244 722/1431/244 658/1432/244 656/1428/244
f 723/1433/247 721/1429/247 657/1430/247 659/1434/247
f 722/1431/244 724/1435/244 660/1436/244 658/1432/244
f 725/1437/247 723/1433/247 659/1434/247 661/1438/247
f 724/1435/244 726/1439/244 662/1440/244 660/1436/244
f 727/1441/247 725/1437/247 661/1438/247 663/1442/247
f 726/1439/244 728/1443/244 664/1444/244 662/1440/244
f 729/1445/247 727/1441/247 663/1442/247 665/1446/247
f 728/1443/244 730/1447/244 666/1448/244 664/1444/244
f 731/1449/247 729/1445/247 665/1446/247 667/1450/247
f 730/1447/244 732/1451/244 668/1452/244 666/1448/244
f 733/1453/247 731/1449/247 667/1450/247 669/1454/247
f 732/1451/244 734/1455/244 670/1456/244 668/1452/244
f 735/1457/247 733/1453/247 669/1454/247 671/1458/247
f 734/1455/244 736/1459/244 672/1460/244 670/1456/244
f 737/1461/247 735/1457/247 671/1458/247 673/1462/247
f 736/1459/244 738/1463/244 674/1464/244 672/1460/244
f 739/1465/247 737/1461/247 673/1462/247 675/1466/247
f 738/1463/244 740/1467/244 676/1468/244 674/1464/244
f 741/1469/247 739/1465/247 675/1466/247 677/1470/247
f 740/1467/244 742/1471/244 678/1472/244 676/1468/244
f 743/1473/247 741/1469/247 677/1470/247 679/1474/247
f 742/1471/244 744/1475/244 680/1476/244 678/1472/244
f 745/1477/247 743/1473/247 679/1474/247 681/1478/247
f 744/1475/244 746/1479/244 682/1480/244 680/1476/244
f 747/1481/247 745/1477/247 681/1478/247 683/1482/247
f 746/1479/244 748/1483/244 684/1484/244 682/1480/244
f 685/1358/247 747/1481/247 683/1482/247 621/1359/247
f 748/1483/244 688/1361/244 624/1364/244 684/1484/244
f 602/1485/236 604/1486/236 860/1487/236 858/1488/236
f 703/1489/239 705/1490/239 769/1491/239 767/1492/239
f 603/1493/236 601/1494/236 857/1495/236 859/1496/236
f 704/1497/238 702/1498/238 766/1499/238 768/1500/238
f 600/1501/235 602/1485/235 858/1488/235 856/1502/235
f 701/1503/238 703/1489/238 767/1492/238 765/1504/238
f 601/1494/235 599/1505/235 855/1506/235 857/1495/235
f 702/1507/237 700/1508/237 764/1509/237 766/1510/237
f 598/1511/234 600/1501/234 856/1502/234 854/1512/234
f 699/1513/237 701/1514/237 765/1515/237 763/1516/237
f 599/1505/234 597/1517/234 853/1518/234 855/1506/234
f 700/1508/236 698/1519/236 762/1520/236 764/1509/236
f 596/1521/233 598/1511/233 854/1512/233 852/1522/233
f 697/1523/236 699/1513/236 763/1516/236 761/1524/236
f 597/1517/233 595/1525/233 851/1526/233 853/1518/233
f 688/1527/229 748/1528/229 812/1529/229 752/1530/229
f 698/1519/235 696/1531/235 760/1532/235 762/1520/235
f 594/1533/232 596/1521/232 852/1522/232 850/1534/232
f 747/1535/229 685/1527/229 749/1536/229 811/1537/229
f 695/1538/235 697/1523/235 761/1524/235 759/1539/235
f 595/1525/232 593/1540/232 849/1541/232 851/1526/232
f 748/1528/228 746/1542/228 810/1543/228 812/1529/228
f 696/1531/234 694/1544/234 758/1545/234 760/1532/234
f 592/1546/231 594/1533/231 850/1534/231 848/1547/231
f 745/1542/228 747/1535/228 811/1537/228 809/1548/228
f 693/1549/234 695/1538/234 759/1539/234 757/1550/234
f 593/1540/231 591/1551/231 847/1552/231 849/1541/231
f 746/1542/227 744/1553/227 808/1554/227 810/1543/227
f 694/1544/233 692/1555/233 756/1556/233 758/1545/233
f 590/1557/230 592/1546/230 848/1547/230 846/1558/230
f 743/1553/227 745/1542/227 809/1548/227 807/1559/227
f 691/1560/233 693/1549/233 757/1550/233 755/1561/233
f 591/1551/230 589/1562/230 845/1563/230 847/1552/230
f 744/1553/226 742/1564/226 806/1565/226 808/1554/226
f 692/1555/232 690/1566/232 754/1567/232 756/1556/232
f 588/1568/229 590/1569/229 846/1570/229 844/1571/229
f 741/1572/226 743/1553/226 807/1559/226 805/1573/226
f 689/1574/232 691/1560/232 755/1561/232 753/1575/232
f 589/1576/229 587/1577/229 843/1578/229 845/1579/229
f 742/1564/225 740/1580/225 804/1581/225 806/1565/225
f 690/1566/231 687/1582/231 751/1583/231 754/1567/231
f 586/1584/228 588/1568/228 844/1571/228 842/1585/228
f 739/1586/225 741/1572/225 805/1573/225 803/1587/225
f 686/1588/231 689/1574/231 753/1575/231 750/1589/231
f 587/1577/228 585/1590/228 841/1591/228 843/1578/228
f 740/1580/224 738/1592/224 802/1593/224 804/1581/224
f 687/1582/230 688/1594/230 752/1595/230 751/1583/230
f 584/1596/227 586/1584/227 842/1585/227 840/1597/227
f 737/1592/224 739/1586/224 803/1587/224 801/1598/224
f 685/1599/230 686/1588/230 750/1589/230 749/1600/230
f 585/1590/227 583/1601/227 839/1602/227 841/1591/227
f 738/1592/223 736/1603/223 800/1604/223 802/1593/223
f 582/1605/226 584/1596/226 840/1597/226 838/1606/226
f 735/1607/223 737/1592/223 801/1598/223 799/1608/223
f 583/1601/226 581/1609/226 837/1610/226 839/1602/226
f 736/1603/222 734/1611/222 798/1612/222 800/1604/222
f 580/1613/225 582/1605/225 838/1606/225 836/1614/225
f 733/1615/222 735/1607/222 799/1608/222 797/1616/222
f 581/1609/225 579/1617/225 835/1618/225 837/1610/225
f 734/1611/221 732/1619/221 796/1620/221 798/1612/221
f 578/1621/224 580/1613/224 836/1614/224 834/1622/224
f 731/1619/221 733/1615/221 797/1616/221 795/1623/221
f 579/1617/224 577/1624/224 833/1625/224 835/1618/224
f 732/1619/220 730/1626/220 794/1627/220 796/1620/220
f 814/1628/247 813/1629/247 749/1630/247 750/1631/247
f 816/1632/244 815/1633/244 751/1634/244 752/1635/244
f 817/1636/247 814/1628/247 750/1631/247 753/1637/247
f 815/1633/244 818/1638/244 754/1639/244 751/1634/244
f 819/1640/247 817/1636/247 753/1637/247 755/1641/247
f 818/1638/244 820/1642/244 756/1643/244 754/1639/244
f 821/1644/247 819/1640/247 755/1641/247 757/1645/247
f 820/1642/244 822/1646/244 758/1647/244 756/1643/244
f 823/1648/247 821/1644/247 757/1645/247 759/1649/247
f 822/1646/244 824/1650/244 760/1651/244 758/1647/244
f 825/1652/247 823/1648/247 759/1649/247 761/1653/247
f 824/1650/244 826/1654/244 762/1655/244 760/1651/244
f 827/1656/247 825/1652/247 761/1653/247 763/1657/247
f 826/1654/244 828/1658/244 764/1659/244 762/1655/244
f 829/1660/247 827/1656/247 763/1657/247 765/1661/247
f 828/1658/244 830/1662/244 766/1663/244 764/1659/244
f 831/1664/247 829/1660/247 765/1661/247 767/1665/247
f 830/1662/244 832/1666/244 768/1667/244 766/1663/244
f 833/1668/247 831/1664/247 767/1665/247 769/1669/247
f 832/1666/244 834/1670/244 770/1671/244 768/1667/244
f 835/1672/247 833/1668/247 769/1669/247 771/1673/247
f 834/1670/244 836/1674/244 772/1675/244 770/1671/244
f 837/1676/247 835/1672/247 771/1673/247 773/1677/247
f 836/1674/244 838/1678/244 774/1679/244 772/1675/244
f 839/1680/247 837/1676/247 773/1677/247 775/1681/247
f 838/1678/244 840/1682/244 776/1683/244 774/1679/244
f 841/1684/247 839/1680/247 775/1681/247 777/1685/247
f 840/1682/244 842/1686/244 778/1687/244 776/1683/244
f 843/1688/247 841/1684/247 777/1685/247 779/1689/247
f 842/1686/244 844/1690/244 780/1691/244 778/1687/244
f 845/1692/247 843/1688/247 779/1689/247 781/1693/247
f 844/1690/244 846/1694/244 782/1695/244 780/1691/244
f 847/1696/247 845/1692/247 781/1693/247 783/1697/247
f 846/1694/244 848/1698/244 784/1699/244 782/1695/244
f 849/1700/247 847/1696/247 783/1697/247 785/1701/247
f 848/1698/244 850/1702/244 786/1703/244 784/1699/244
f 851/1704/247 849/1700/247 785/1701/247 787/1705/247
f 850/1702/244 852/1706/244 788/1707/244 786/1703/244
f 853/1708/247 851/1704/247 787/1705/247 789/1709/247
f 852/1706/244 854/1710/244 790/1711/244 788/1707/244
f 855/1712/247 853/1708/247 789/1709/247 791/1713/247
f 854/1710/244 856/1714/244 792/1715/244 790/1711/244
f 857/1716/247 855/1712/247 791/1713/247 793/1717/247
f 856/1714/244 858/1718/244 794/1719/244 792/1715/244
f 859/1720/247 857/1716/247 793/1717/247 795/1721/247
f 858/1718/244 860/1722/244 796/1723/244 794/1719/244
f 861/1724/247 859/1720/247 795/1721/247 797/1725/247
f 860/1722/244 862/1726/244 798/1727/244 796/1723/244
f 863/1728/247 861/1724/247 797/1725/247 799/1729/247
f 862/1726/244 864/1730/244 800/1731/244 798/1727/244
f 865/1732/247 863/1728/247 799/1729/247 801/1733/247
f 864/1730/244 866/1734/244 802/1735/244 800/1731/244
f 867/1736/247 865/1732/247 801/1733/247 803/1737/247
f 866/1734/244 868/1738/244 804/1739/244 802/1735/244
f 869/1740/247 867/1736/247 803/1737/247 805/1741/247
f 868/1738/244 870/1742/244 806/1743/244 804/1739/244
f 871/1744/247 869/1740/247 805/1741/247 807/1745/247
f 870/1742/244 872/1746/244 808/1747/244 806/1743/244
f 873/1748/247 871/1744/247 807/1745/247 809/1749/247
f 872/1746/244 874/1750/244 810/1751/244 808/1747/244
f 875/1752/247 873/1748/247 809/1749/247 811/1753/247
f 874/1750/244 876/1754/244 812/1755/244 810/1751/244
f 813/1629/247 875/1752/247 811/1753/247 749/1630/247
f 876/1754/244 816/1632/244 752/1635/244 812/1755/244
f 706/1756/239 704/1497/239 768/1500/239 770/1757/239
f 605/1758/237 603/1493/237 859/1496/237 861/1759/237
f 705/1490/240 707/1760/240 771/1761/240 769/1491/240
f 604/1486/237 606/1762/237 862/1763/237 860/1487/237
f 708/1764/240 706/1756/240 770/1757/240 772/1765/240
f 607/1766/238 605/1767/238 861/1768/238 863/1769/238
f 707/1760/241 709/1770/241 773/1771/241 771/1761/241
f 606/1772/238 608/1773/238 864/1774/238 862/1775/238
f 710/1776/241 708/1764/241 772/1765/241 774/1777/241
f 609/1778/239 607/1766/239 863/1769/239 865/1779/239
f 709/1770/242 711/1780/242 775/1781/242 773/1771/242
f 608/1773/239 610/1782/239 866/1783/239 864/1774/239
f 712/1784/242 710/1776/242 774/1777/242 776/1785/242
f 559/1786/214 557/1787/214 813/1788/214 814/1789/214
f 611/1790/240 609/1778/240 865/1779/240 867/1791/240
f 711/1780/243 713/1792/243 777/1793/243 775/1781/243
f 558/1794/214 560/1795/214 815/1796/214 816/1797/214
f 610/1782/240 612/1798/240 868/1799/240 866/1783/240
f 714/1800/243 712/1784/243 776/1785/243 778/1801/243
f 561/1802/215 559/1786/215 814/1789/215 817/1803/215
f 613/1804/241 611/1790/241 867/1791/241 869/1805/241
f 713/1792/245 715/1806/245 779/1807/245 777/1793/245
f 560/1795/215 562/1808/215 818/1809/215 815/1796/215
f 612/1798/241 614/1810/241 870/1811/241 868/1799/241
f 716/1812/245 714/1800/245 778/1801/245 780/1813/245
f 563/1814/216 561/1802/216 817/1803/216 819/1815/216
f 615/1816/242 613/1804/242 869/1805/242 871/1817/242
f 715/1818/246 717/1819/246 781/1820/246 779/1821/246
f 562/1808/216 564/1822/216 820/1823/216 818/1809/216
f 614/1810/242 616/1824/242 872/1825/242 870/1811/242
f 718/1826/246 716/1818/246 780/1827/246 782/1828/246
f 565/1829/217 563/1814/217 819/1815/217 821/1830/217
f 617/1831/243 615/1816/243 871/1817/243 873/1832/243
f 717/1819/214 719/1833/214 783/1834/214 781/1820/214
f 564/1822/217 566/1835/217 822/1836/217 820/1823/217
f 616/1824/243 618/1837/243 874/1838/243 872/1825/243
f 720/1833/214 718/1826/214 782/1828/214 784/1839/214
f 567/1840/218 565/1829/218 821/1830/218 823/1841/218
f 619/1842/245 617/1831/245 873/1832/245 875/1843/245
f 719/1833/215 721/1844/215 785/1845/215 783/1834/215
f 566/1835/218 568/1846/218 824/1847/218 822/1836/218
f 618/1837/245 620/1848/245 876/1849/245 874/1838/245
f 722/1844/215 720/1833/215 784/1839/215 786/1850/215
f 569/1851/219 567/1840/219 823/1841/219 825/1852/219
f 557/1787/246 619/1853/246 875/1854/246 813/1788/246
f 721/1844/216 723/1855/216 787/1856/216 785/1845/216
f 568/1846/219 570/1857/219 826/1858/219 824/1847/219
f 620/1859/246 558/1794/246 816/1797/246 876/1860/246
f 724/1855/216 722/1844/216 786/1850/216 788/1861/216
f 571/1862/220 569/1863/220 825/1864/220 827/1865/220
f 723/1855/217 725/1866/217 789/1867/217 787/1856/217
f 570/1857/220 572/1868/220 828/1869/220 826/1858/220
f 726/1870/217 724/1855/217 788/1861/217 790/1871/217
f 573/1872/221 571/1862/221 827/1865/221 829/1873/221
f 725/1866/218 727/1874/218 791/1875/218 789/1867/218
f 572/1876/221 574/1877/221 830/1878/221 828/1879/221
f 728/1880/218 726/1870/218 790/1871/218 792/1881/218
f 575/1882/222 573/1872/222 829/1873/222 831/1883/222
f 727/1874/219 729/1884/219 793/1885/219 791/1875/219
f 574/1877/222 576/1886/222 832/1887/222 830/1878/222
f 730/1888/219 728/1880/219 792/1881/219 794/1889/219
f 577/1624/223 575/1882/223 831/1883/223 833/1625/223
f 729/1890/220 731/1619/220 795/1623/220 793/1891/220
f 576/1886/223 578/1621/223 834/1622/223 832/1887/223
o Cylinder.002
v 1.457715 0.659037 -2.404099
v 0.880849 0.659037 -2.404099
v 1.457715 0.737552 -2.396366
v 0.880849 0.737552 -2.396366
v 1.457715 0.813051 -2.373464
v 0.880849 0.813051 -2.373464
v 1.457715 0.882630 -2.336273
v 0.880849 0.882630 -2.336273
v 1.457715 0.943617 -2.286222
v 0.880849 0.943617 -2.286222
v 1.457715 0.993668 -2.225235
v 0.880849 0.993668 -2.225235
v 1.457715 1.030859 -2.155655
v 0.880849 1.030859 -2.155655
v 1.457715 1.053761 -2.080157
v 0.880849 1.053761 -2.080157
v 1.457715 1.061494 -2.001641
v 0.880849 1.061494 -2.001641
v 1.457715 1.053761 -1.923126
v 0.880849 1.053761 -1.923126
v 1.457715 1.030859 -1.847627
v 0.880849 1.030859 -1.847627
v 1.457715 0.993668 -1.778048
v 0.880849 0.993668 -1.778048
v 1.457715 0.943617 -1.717061
v 0.880849 0.943617 -1.717061
v 1.457715 0.882630 -1.667010
v 0.880849 0.882630 -1.667010
v 1.457715 0.813051 -1.629819
v 0.880849 0.813051 -1.629819
v 1.457715 0.737552 -1.606917
v 0.880849 0.737552 -1.606917
v 1.457715 0.659037 -1.599184
v 0.880849 0.659037 -1.599184
v 1.457715 0.580521 -1.606917
v 0.880849 0.580521 -1.606917
v 1.457715 0.505023 -1.629819
v 0.880849 0.505023 -1.629819
v 1.457715 0.435443 -1.667010
v 0.880849 0.435443 -1.667010
v 1.457715 0.374456 -1.717061
v 0.880849 0.374456 -1.717061
v 1.457715 0.324405 -1.778048
v 0.880849 0.324405 -1.778048
v 1.457715 0.287214 -1.847627
v 0.880849 0.287214 -1.847627
v 1.457715 0.264312 -1.923126
v 0.880849 0.264312 -1.923126
v 1.457715 0.256579 -2.001641
v 0.880849 0.256579 -2.001641
v 1.457715 0.264312 -2.080157
v 0.880849 0.264312 -2.080157
v 1.457715 0.287214 -2.155655
v 0.880849 0.287214 -2.155655
v 1.457715 0.324405 -2.225235
v 0.880849 0.324405 -2.225235
v 1.457715 0.374456 -2.286222
v 0.880849 0.374456 -2.286222
v 1.457715 0.435443 -2.336273
v 0.880849 0.435443 -2.336273
v 1.457715 0.505023 -2.373464
v 0.880849 0.505023 -2.373464
v 1.457715 0.580521 -2.396366
v 0.880849 0.580521 -2.396366
v 1.457715 0.659037 -2.655020
v 1.457715 0.786505 -2.642466
v 0.880849 0.786505 -2.642466
v 0.880849 0.659037 -2.655020
v 1.457715 0.909074 -2.605285
v 0.880849 0.909074 -2.605285
v 1.457715 1.022035 -2.544906
v 0.880849 1.022035 -2.544906
v 1.457715 1.121046 -2.463650
v 0.880849 1.121046 -2.463650
v 1.457715 1.202302 -2.364639
v 0.880849 1.202302 -2.364639
v 1.457715 1.262681 -2.251679
v 0.880849 1.262681 -2.251679
v 1.457715 1.299861 -2.129109
v 0.880849 1.299861 -2.129109
v 1.457715 1.312416 -2.001641
v 0.880849 1.312416 -2.001641
v 1.457715 1.299861 -1.874173
v 0.880849 1.299861 -1.874173
v 1.457715 1.262681 -1.751604
v 0.880849 1.262681 -1.751604
v 1.457715 1.202302 -1.638643
v 0.880849 1.202302 -1.638643
v 1.457715 1.121046 -1.539632
v 0.880849 1.121046 -1.539632
v 1.457715 1.022035 -1.458376
v 0.880849 1.022035 -1.458376
v 1.457715 0.909074 -1.397998
v 0.880849 0.909074 -1.397998
v 1.457715 0.786505 -1.360816
v 0.880849 0.786505 -1.360816
v 1.457715 0.659037 -1.348262
v 0.880849 0.659037 -1.348262
v 1.457715 0.531569 -1.360816
v 0.880849 0.531569 -1.360816
v 1.457715 0.408999 -1.397998
v 0.880849 0.408999 -1.397998
v 1.457715 0.296039 -1.458376
v 0.880849 0.296039 -1.458376
v 1.457715 0.197028 -1.539632
v 0.880849 0.197028 -1.539632
v 1.457715 0.115772 -1.638643
v 0.880849 0.115772 -1.638643
v 1.457715 0.055393 -1.751604
v 0.880849 0.055393 -1.751604
v 1.457715 0.018212 -1.874173
v 0.880849 0.018212 -1.874173
v 1.457715 0.005657 -2.001641
v 0.880849 0.005657 -2.001641
v 1.457715 0.018212 -2.129109
v 0.880849 0.018212 -2.129109
v 1.457715 0.055393 -2.251679
v 0.880849 0.055393 -2.251679
v 1.457715 0.115772 -2.364639
v 0.880849 0.115772 -2.364639
v 1.457715 0.197028 -2.463650
v 0.880849 0.197028 -2.463650
v 1.457715 0.296039 -2.544906
v 0.880849 0.296039 -2.544906
v 1.457715 0.408999 -2.605285
v 0.880849 0.408999 -2.605285
v 1.457715 0.531569 -2.642466
v 0.880849 0.531569 -2.642466
v 1.457715 0.659037 -2.522764
v 1.457715 0.760703 -2.512751
v 0.880849 0.760703 -2.512751
v 0.880849 0.659037 -2.522764
v 1.457715 0.858462 -2.483096
v 0.880849 0.858462 -2.483096
v 1.457715 0.948557 -2.434939
v 0.880849 0.948557 -2.434939
v 1.457715 1.027526 -2.370131
v 0.880849 1.027526 -2.370131
v 1.457715 1.092334 -2.291162
v 0.880849 1.092335 -2.291162
v 1.457715 1.140491 -2.201066
v 0.880849 1.140491 -2.201066
v 1.457715 1.170146 -2.103307
v 0.880849 1.170146 -2.103307
v 1.457715 1.180159 -2.001641
v 0.880849 1.180159 -2.001641
v 1.457715 1.170146 -1.899975
v 0.880849 1.170146 -1.899975
v 1.457715 1.140491 -1.802216
v 0.880849 1.140491 -1.802216
v 1.457715 1.092334 -1.712121
v 0.880849 1.092335 -1.712121
v 1.457715 1.027526 -1.633152
v 0.880849 1.027526 -1.633152
v 1.457715 0.948557 -1.568344
v 0.880849 0.948557 -1.568344
v 1.457715 0.858462 -1.520187
v 0.880849 0.858462 -1.520187
v 1.457715 0.760703 -1.490532
v 0.880849 0.760703 -1.490532
v 1.457715 0.659037 -1.480519
v 0.880849 0.659037 -1.480519
v 1.457715 0.557371 -1.490532
v 0.880849 0.557371 -1.490532
v 1.457715 0.459612 -1.520187
v 0.880849 0.459612 -1.520187
v 1.457715 0.369516 -1.568344
v 0.880849 0.369517 -1.568344
v 1.457715 0.290547 -1.633152
v 0.880849 0.290547 -1.633152
v 1.457715 0.225739 -1.712121
v 0.880849 0.225739 -1.712121
v 1.457715 0.177582 -1.802216
v 0.880849 0.177582 -1.802216
v 1.457715 0.147927 -1.899975
v 0.880849 0.147927 -1.899975
v 1.457715 0.137914 -2.001641
v 0.880849 0.137914 -2.001641
v 1.457715 0.147927 -2.103307
v 0.880849 0.147927 -2.103307
v 1.457715 0.177582 -2.201066
v 0.880849 0.177582 -2.201066
v 1.457715 0.225739 -2.291162
v 0.880849 0.225739 -2.291162
v 1.457715 0.290547 -2.370131
v 0.880849 0.290547 -2.370131
v 1.457715 0.369516 -2.434939
v 0.880849 0.369517 -2.434939
v 1.457715 0.459612 -2.483096
v 0.880849 0.459612 -2.483096
v 1.457715 0.557371 -2.512751
v 0.880849 0.557371 -2.512751
v 1.411870 0.659037 -2.522764
v 1.411870 0.760703 -2.512751
v 0.926693 0.760703 -2.512751
v 0.926693 0.659037 -2.522764
v 1.411870 0.858462 -2.483096
v 0.926693 0.858462 -2.483096
v 1.411870 0.948557 -2.434939
v 0.926693 0.948557 -2.434939
v 1.411870 1.027526 -2.370131
v 0.926693 1.027526 -2.370131
v 1.411870 1.092334 -2.291162
v 0.926693 1.092334 -2.291162
v 1.411870 1.140491 -2.201066
v 0.926693 1.140491 -2.201066
v 1.411870 1.170146 -2.103307
v 0.926693 1.170146 -2.103307
v 1.411870 1.180159 -2.001641
v 0.926693 1.180159 -2.001641
v 1.411870 1.170146 -1.899975
v 0.926693 1.170146 -1.899975
v 1.411870 1.140491 -1.802216
v 0.926693 1.140491 -1.802216
v 1.411870 1.092334 -1.712121
v 0.926693 1.092334 -1.712121
v 1.411870 1.027526 -1.633152
v 0.926693 1.027526 -1.633152
v 1.411870 0.948557 -1.568344
v 0.926693 0.948557 -1.568344
v 1.411870 0.858462 -1.520187
v 0.926693 0.858462 -1.520187
v 1.411870 0.760703 -1.490532
v 0.926693 0.760703 -1.490532
v 1.411870 0.659037 -1.480519
v 0.926693 0.659037 -1.480519
v 1.411870 0.557371 -1.490532
v 0.926693 0.557371 -1.490532
v 1.411870 0.459612 -1.520187
v 0.926693 0.459612 -1.520187
v 1.411870 0.369516 -1.568344
v 0.926693 0.369517 -1.568344
v 1.411870 0.290547 -1.633152
v 0.926693 0.290547 -1.633152
v 1.411870 0.225739 -1.712121
v 0.926693 0.225739 -1.712121
v 1.411870 0.177582 -1.802216
v 0.926693 0.177582 -1.802216
v 1.411870 0.147927 -1.899975
v 0.926693 0.147927 -1.899975
v 1.411870 0.137914 -2.001641
v 0.926693 0.137914 -2.001641
v 1.411870 0.147927 -2.103307
v 0.926693 0.147927 -2.103307
v 1.411870 0.177582 -2.201066
v 0.926693 0.177582 -2.201066
v 1.411870 0.225739 -2.291162
v 0.926693 0.225739 -2.291162
v 1.411870 0.290547 -2.370131
v 0.926693 0.290547 -2.370131
v 1.411870 0.369516 -2.434939
v 0.926693 0.369517 -2.434939
v 1.411870 0.459612 -2.483096
v 0.926693 0.459612 -2.483096
v 1.411870 0.557371 -2.512751
v 0.926693 0.557371 -2.512751
v 1.411870 0.659037 -2.404099
v 1.411870 0.737552 -2.396366
v 0.926693 0.737552 -2.396366
v 0.926693 0.659037 -2.404099
v 1.411870 0.813051 -2.373464
v 0.926693 0.813051 -2.373464
v 1.411870 0.882630 -2.336272
v 0.926693 0.882630 -2.336272
v 1.411870 0.943617 -2.286222
v 0.926693 0.943617 -2.286222
v 1.411870 0.993668 -2.225235
v 0.926693 0.993668 -2.225235
v 1.411870 1.030859 -2.155655
v 0.926693 1.030859 -2.155655
v 1.411870 1.053761 -2.080157
v 0.926693 1.053761 -2.080157
v 1.411870 1.061494 -2.001641
v 0.926693 1.061494 -2.001641
v 1.411870 1.053761 -1.923126
v 0.926693 1.053761 -1.923126
v 1.411870 1.030859 -1.847627
v 0.926693 1.030859 -1.847627
v 1.411870 0.993668 -1.778048
v 0.926693 0.993668 -1.778048
v 1.411870 0.943617 -1.717061
v 0.926693 0.943617 -1.717061
v 1.411870 0.882630 -1.667010
v 0.926693 0.882630 -1.667010
v 1.411870 0.813051 -1.629819
v 0.926693 0.813051 -1.629819
v 1.411870 0.737552 -1.606917
v 0.926693 0.737552 -1.606917
v 1.411870 0.659037 -1.599184
v 0.926693 0.659037 -1.599184
v 1.411870 0.580521 -1.606917
v 0.926693 0.580521 -1.606917
v 1.411870 0.505023 -1.629819
v 0.926693 0.505023 -1.629819
v 1.411870 0.435443 -1.667010
v 0.926693 0.435443 -1.667010
v 1.411870 0.374456 -1.717061
v 0.926693 0.374456 -1.717061
v 1.411870 0.324405 -1.778048
v 0.926693 0.324405 -1.778048
v 1.411870 0.287214 -1.847627
v 0.926693 0.287214 -1.847627
v 1.411870 0.264312 -1.923126
v 0.926693 0.264312 -1.923126
v 1.411870 0.256579 -2.001641
v 0.926693 0.256579 -2.001641
v 1.411870 0.264312 -2.080157
v 0.926693 0.264312 -2.080157
v 1.411870 0.287214 -2.155655
v 0.926693 0.287214 -2.155655
v 1.411870 0.324405 -2.225235
v 0.926693 0.324405 -2.225235
v 1.411870 0.374456 -2.286222
v 0.926693 0.374456 -2.286222
v 1.411870 0.435443 -2.336272
v 0.926693 0.435443 -2.336272
v 1.411870 0.505023 -2.373464
v 0.926693 0.505023 -2.373464
v 1.411870 0.580521 -2.396366
v 0.926693 0.580521 -2.396366
vn -0.0000 0.0980 -0.9952
vn -0.0000 0.2903 -0.9569
vn -0.0000 0.4714 -0.8819
vn -0.0000 0.6344 -0.7730
vn -0.0000 0.7730 -0.6344
vn -0.0000 0.8819 -0.4714
vn -0.0000 0.9569 -0.2903
vn -0.0000 0.9952 -0.0980
vn -0.0000 0.9952 0.0980
vn -0.0000 0.9569 0.2903
vn -0.0000 0.8819 0.4714
vn -0.0000 0.7730 0.6344
vn -0.0000 0.6344 0.7730
vn -0.0000 0.4714 0.8819
vn -0.0000 0.2903 0.9569
vn -0.0000 0.0980 0.9952
vn -0.0000 -0.0980 0.9952
vn -0.0000 -0.2903 0.9569
vn -0.0000 -0.4714 0.8819
vn -0.0000 -0.6344 0.7730
vn -0.0000 -0.7730 0.6344
vn -0.0000 -0.8819 0.4714
vn -0.0000 -0.9569 0.2903
vn -0.0000 -0.9952 0.0980
vn -0.0000 -0.9952 -0.0980
vn -0.0000 -0.9569 -0.2903
vn -0.0000 -0.8819 -0.4714
vn -0.0000 -0.7730 -0.6344
vn -0.0000 -0.6344 -0.7730
vn -0.0000 -0.4714 -0.8819
vn -1.0000 -0.0000 -0.0000
vn -0.0000 -0.2903 -0.9569
vn -0.0000 -0.0980 -0.9952
vn 1.0000 -0.0000 -0.0000
vt 0.334312 0.581412
vt 0.334312 0.356643
vt 0.364613 0.356643
vt 0.364613 0.581412
vt 0.396781 0.356643
vt 0.396781 0.581412
vt 0.429578 0.356643
vt 0.429578 0.581412
vt 0.461746 0.356643
vt 0.461746 0.581412
vt 0.492047 0.356643
vt 0.492047 0.581412
vt 0.304473 0.356643
vt 0.304473 0.581412
vt 0.327665 0.356643
vt 0.327665 0.581412
vt 0.305812 0.581449
vt 0.305812 0.356680
vt 0.333082 0.356680
vt 0.333082 0.581449
vt 0.363383 0.356680
vt 0.363383 0.581449
vt 0.395550 0.356680
vt 0.395550 0.581449
vt 0.428348 0.356680
vt 0.428348 0.581449
vt 0.460516 0.356680
vt 0.460516 0.581449
vt 0.490817 0.356680
vt 0.490817 0.581449
vt 0.518087 0.356680
vt 0.518087 0.581449
vt 0.541278 0.356680
vt 0.541278 0.581449
vt 0.559500 0.356680
vt 0.559500 0.581449
vt 0.345886 0.356643
vt 0.345886 0.581412
vt 0.369078 0.356643
vt 0.369078 0.581412
vt 0.396348 0.356643
vt 0.396348 0.581412
vt 0.426649 0.356643
vt 0.426649 0.581412
vt 0.458817 0.356643
vt 0.458817 0.581412
vt 0.491614 0.356643
vt 0.491614 0.581412
vt 0.523782 0.356643
vt 0.523782 0.581412
vt 0.554083 0.356643
vt 0.554083 0.581412
vt 0.320804 0.580623
vt 0.320804 0.355854
vt 0.348074 0.355854
vt 0.348074 0.580623
vt 0.378375 0.355854
vt 0.378375 0.580623
vt 0.410542 0.355854
vt 0.410542 0.580623
vt 0.443340 0.355854
vt 0.443340 0.580623
vt 0.475508 0.355854
vt 0.475508 0.580623
vt 0.505809 0.355854
vt 0.505809 0.580623
vt 0.635775 0.851442
vt 0.621490 0.837157
vt 0.610267 0.820360
vt 0.602536 0.801695
vt 0.598594 0.781881
vt 0.598594 0.761679
vt 0.602536 0.741865
vt 0.610267 0.723201
vt 0.621490 0.706403
vt 0.635775 0.692118
vt 0.652573 0.680895
vt 0.671237 0.673164
vt 0.691051 0.669222
vt 0.711253 0.669222
vt 0.731067 0.673164
vt 0.749731 0.680895
vt 0.766529 0.692118
vt 0.780814 0.706403
vt 0.792038 0.723201
vt 0.799769 0.741865
vt 0.803710 0.761679
vt 0.803710 0.781881
vt 0.799769 0.801695
vt 0.792038 0.820360
vt 0.780814 0.837157
vt 0.766529 0.851442
vt 0.749732 0.862666
vt 0.731067 0.870397
vt 0.711253 0.874338
vt 0.691051 0.874338
vt 0.671237 0.870397
vt 0.652573 0.862666
vt 0.533079 0.355854
vt 0.533079 0.580623
vt 0.307042 0.581412
vt 0.307042 0.356643
vt 0.714265 0.813093
vt 0.703041 0.796295
vt 0.695310 0.777631
vt 0.691369 0.757817
vt 0.691369 0.737615
vt 0.695310 0.717801
vt 0.703041 0.699137
vt 0.714265 0.682339
vt 0.728550 0.668054
vt 0.745347 0.656830
vt 0.764012 0.649099
vt 0.783825 0.645158
vt 0.804028 0.645158
vt 0.823842 0.649099
vt 0.842506 0.656830
vt 0.859303 0.668054
vt 0.873588 0.682339
vt 0.884812 0.699137
vt 0.892543 0.717801
vt 0.896484 0.737615
vt 0.896484 0.757817
vt 0.892543 0.777631
vt 0.884812 0.796295
vt 0.873588 0.813093
vt 0.859303 0.827378
vt 0.842506 0.838602
vt 0.823842 0.846333
vt 0.804028 0.850274
vt 0.783826 0.850274
vt 0.764012 0.846333
vt 0.745347 0.838602
vt 0.728550 0.827378
vt 0.061218 0.237154
vt 0.075751 0.258904
vt 0.049573 0.280389
vt 0.031351 0.253118
vt 0.075751 0.258612
vt 0.094248 0.277109
vt 0.072764 0.303288
vt 0.049573 0.280096
vt 0.051208 0.212986
vt 0.018800 0.222817
vt 0.115999 0.291642
vt 0.100034 0.321509
vt 0.046104 0.187330
vt 0.012402 0.190650
vt 0.140166 0.301653
vt 0.130335 0.334060
vt 0.046104 0.161172
vt 0.012402 0.157852
vt 0.165822 0.306756
vt 0.162503 0.340459
vt 0.051208 0.135515
vt 0.018800 0.125685
vt 0.191981 0.306756
vt 0.195300 0.340459
vt 0.061218 0.111348
vt 0.031351 0.095384
vt 0.217637 0.301653
vt 0.227468 0.334060
vt 0.075751 0.089598
vt 0.049573 0.068113
vt 0.241805 0.291642
vt 0.257769 0.321509
vt 0.094248 0.071101
vt 0.072764 0.044922
vt 0.263555 0.277109
vt 0.285039 0.303288
vt 0.115999 0.056568
vt 0.100034 0.026701
vt 0.282052 0.258612
vt 0.308231 0.280096
vt 0.140166 0.046557
vt 0.130335 0.014150
vt 0.296585 0.236862
vt 0.326452 0.252826
vt 0.165822 0.041454
vt 0.162503 0.007751
vt 0.306595 0.212694
vt 0.339003 0.222525
vt 0.191981 0.041454
vt 0.195300 0.007751
vt 0.311699 0.187038
vt 0.345402 0.190358
vt 0.217637 0.046557
vt 0.227468 0.014150
vt 0.311699 0.160879
vt 0.345402 0.157560
vt 0.241805 0.056568
vt 0.257769 0.026701
vt 0.306595 0.135223
vt 0.339003 0.125393
vt 0.263555 0.071101
vt 0.285039 0.044922
vt 0.296585 0.111056
vt 0.326452 0.095091
vt 0.282052 0.089598
vt 0.308231 0.068113
vt 0.282052 0.089306
vt 0.308231 0.067821
vt 0.296585 0.111348
vt 0.326452 0.095384
vt 0.263555 0.070808
vt 0.285039 0.044630
vt 0.306595 0.135515
vt 0.339003 0.125685
vt 0.241805 0.056275
vt 0.257769 0.026408
vt 0.311699 0.161172
vt 0.345402 0.157852
vt 0.217637 0.046265
vt 0.227468 0.013857
vt 0.311699 0.187330
vt 0.345402 0.190650
vt 0.191981 0.041162
vt 0.195300 0.007459
vt 0.306595 0.212986
vt 0.339003 0.222817
vt 0.165822 0.041162
vt 0.162503 0.007459
vt 0.296585 0.237154
vt 0.326452 0.253118
vt 0.140166 0.046265
vt 0.130335 0.013857
vt 0.282052 0.258904
vt 0.308231 0.280389
vt 0.115999 0.056275
vt 0.100034 0.026408
vt 0.263555 0.277401
vt 0.285039 0.303580
vt 0.094248 0.070808
vt 0.072764 0.044630
vt 0.241805 0.291934
vt 0.257769 0.321801
vt 0.075751 0.089306
vt 0.049573 0.067821
vt 0.217637 0.301945
vt 0.227468 0.334352
vt 0.061218 0.111056
vt 0.031351 0.095091
vt 0.191981 0.307048
vt 0.195300 0.340751
vt 0.051208 0.135223
vt 0.018800 0.125393
vt 0.165822 0.307048
vt 0.162503 0.340751
vt 0.046104 0.160879
vt 0.012402 0.157560
vt 0.140166 0.301945
vt 0.130335 0.334352
vt 0.046104 0.187038
vt 0.012402 0.190358
vt 0.115999 0.291934
vt 0.100034 0.321801
vt 0.051208 0.212694
vt 0.018800 0.222525
vt 0.094248 0.277401
vt 0.072764 0.303580
vt 0.061218 0.236862
vt 0.031351 0.252826
vt 0.905332 0.038478
vt 0.905332 0.018664
vt 0.931924 0.018664
vt 0.931924 0.038478
vt 0.694483 0.252953
vt 0.694483 0.277121
vt 0.667891 0.277121
vt 0.667891 0.252953
vt 0.936432 0.033704
vt 0.936432 0.053518
vt 0.909840 0.053518
vt 0.909840 0.033704
vt 0.662493 0.225885
vt 0.662493 0.204134
vt 0.689085 0.204134
vt 0.689085 0.225885
vt 0.905332 0.058680
vt 0.931924 0.058680
vt 0.694483 0.231203
vt 0.667891 0.231203
vt 0.936432 0.073720
vt 0.909840 0.073720
vt 0.667186 0.384672
vt 0.667186 0.360505
vt 0.693779 0.360505
vt 0.693779 0.384672
vt 0.905332 0.078494
vt 0.931924 0.078494
vt 0.667186 0.360505
vt 0.667186 0.384672
vt 0.640594 0.384672
vt 0.640594 0.360505
vt 0.936432 0.093534
vt 0.909840 0.093534
vt 0.667186 0.334849
vt 0.693779 0.334849
vt 0.905332 0.097159
vt 0.931924 0.097159
vt 0.667186 0.334849
vt 0.640594 0.334849
vt 0.936432 0.112198
vt 0.909840 0.112198
vt 0.657587 0.405404
vt 0.657587 0.390871
vt 0.684179 0.390871
vt 0.684179 0.405404
vt 0.667186 0.308690
vt 0.693779 0.308690
vt 0.905332 0.113956
vt 0.931924 0.113956
vt 0.657587 0.390871
vt 0.630994 0.405404
vt 0.630994 0.390871
vt 0.667186 0.308690
vt 0.640594 0.308690
vt 0.936432 0.128996
vt 0.909840 0.128996
vt 0.657587 0.372374
vt 0.684179 0.372374
vt 0.667186 0.283034
vt 0.693779 0.283034
vt 0.905332 0.128241
vt 0.931924 0.128241
vt 0.630994 0.372374
vt 0.667186 0.283034
vt 0.640594 0.283034
vt 0.936432 0.143281
vt 0.909840 0.143281
vt 0.657587 0.350624
vt 0.684179 0.350624
vt 0.667186 0.258866
vt 0.693779 0.258866
vt 0.905332 0.139465
vt 0.931924 0.139465
vt 0.630994 0.350624
vt 0.667186 0.258866
vt 0.640594 0.258866
vt 0.936432 0.154505
vt 0.909840 0.154505
vt 0.657587 0.326456
vt 0.684179 0.326456
vt 0.667186 0.237116
vt 0.693779 0.237116
vt 0.910741 0.035999
vt 0.910741 0.024775
vt 0.937333 0.024775
vt 0.937333 0.035999
vt 0.657587 0.326456
vt 0.630994 0.326456
vt 0.667186 0.237116
vt 0.640594 0.237116
vt 0.943467 0.015040
vt 0.943467 0.026263
vt 0.916874 0.026263
vt 0.916874 0.015040
vt 0.657587 0.300800
vt 0.684179 0.300800
vt 0.667186 0.218619
vt 0.693779 0.218619
vt 0.910741 0.050284
vt 0.937333 0.050284
vt 0.657587 0.300800
vt 0.630994 0.300800
vt 0.667186 0.218619
vt 0.640594 0.218619
vt 0.943467 0.040548
vt 0.916874 0.040548
vt 0.657587 0.274641
vt 0.684179 0.274641
vt 0.667186 0.204086
vt 0.693779 0.204086
vt 0.910741 0.067082
vt 0.937333 0.067082
vt 0.630994 0.274641
vt 0.667186 0.204086
vt 0.640594 0.204086
vt 0.943467 0.057346
vt 0.916874 0.057346
vt 0.657587 0.248985
vt 0.684179 0.248985
vt 0.910741 0.085746
vt 0.937333 0.085746
vt 0.657587 0.248985
vt 0.630994 0.248985
vt 0.943467 0.076010
vt 0.916874 0.076010
vt 0.657587 0.224818
vt 0.684179 0.224818
vt 0.910741 0.105560
vt 0.937333 0.105560
vt 0.657587 0.224818
vt 0.630994 0.224818
vt 0.943467 0.095824
vt 0.916874 0.095824
vt 0.657587 0.203067
vt 0.684179 0.203067
vt 0.910741 0.125762
vt 0.937333 0.125762
vt 0.630994 0.203067
vt 0.943467 0.116026
vt 0.916874 0.116026
vt 0.657587 0.184570
vt 0.684179 0.184570
vt 0.041912 0.847376
vt 0.053135 0.864174
vt 0.029647 0.883450
vt 0.015114 0.861700
vt 0.052843 0.865846
vt 0.067128 0.880131
vt 0.047852 0.903620
vt 0.029355 0.885123
vt 0.034181 0.828712
vt 0.005103 0.837533
vt 0.083926 0.891355
vt 0.069602 0.918153
vt 0.030239 0.808898
vt 0.000000 0.811876
vt 0.102590 0.899086
vt 0.093770 0.928163
vt 0.030239 0.788696
vt 0.000000 0.785718
vt 0.122404 0.903027
vt 0.119426 0.933267
vt 0.034181 0.768882
vt 0.005103 0.760062
vt 0.142606 0.903027
vt 0.145584 0.933267
vt 0.041912 0.750218
vt 0.015114 0.735894
vt 0.162420 0.899086
vt 0.171241 0.928163
vt 0.053135 0.733420
vt 0.029647 0.714144
vt 0.181084 0.891355
vt 0.195408 0.918153
vt 0.067420 0.719135
vt 0.048144 0.695647
vt 0.197882 0.880131
vt 0.217158 0.903620
vt 0.084218 0.707911
vt 0.069894 0.681114
vt 0.212167 0.865846
vt 0.235655 0.885123
vt 0.102882 0.700180
vt 0.094062 0.671103
vt 0.223391 0.849049
vt 0.250188 0.863372
vt 0.122696 0.696239
vt 0.119718 0.666000
vt 0.231122 0.830384
vt 0.260199 0.839205
vt 0.142898 0.696239
vt 0.145877 0.666000
vt 0.235063 0.810570
vt 0.265302 0.813549
vt 0.162712 0.700180
vt 0.171533 0.671103
vt 0.235063 0.790368
vt 0.265302 0.787390
vt 0.181377 0.707911
vt 0.195700 0.681114
vt 0.231122 0.770554
vt 0.260199 0.761734
vt 0.198174 0.719135
vt 0.217450 0.695647
vt 0.223391 0.751890
vt 0.250188 0.737566
vt 0.212459 0.733420
vt 0.235947 0.714144
vt 0.212167 0.735093
vt 0.235655 0.715816
vt 0.223683 0.750218
vt 0.250480 0.735894
vt 0.197882 0.720807
vt 0.217158 0.697319
vt 0.231414 0.768882
vt 0.260491 0.760062
vt 0.181084 0.709584
vt 0.195408 0.682786
vt 0.235355 0.788696
vt 0.265594 0.785718
vt 0.162420 0.701853
vt 0.171240 0.672776
vt 0.235355 0.808898
vt 0.265594 0.811876
vt 0.142606 0.697912
vt 0.145584 0.667672
vt 0.231414 0.828712
vt 0.260491 0.837533
vt 0.122404 0.697912
vt 0.119426 0.667672
vt 0.223683 0.847376
vt 0.250481 0.861700
vt 0.102590 0.701853
vt 0.093769 0.672776
vt 0.212459 0.864174
vt 0.235947 0.883450
vt 0.083926 0.709584
vt 0.069602 0.682786
vt 0.198174 0.878459
vt 0.217450 0.901947
vt 0.067128 0.720808
vt 0.047852 0.697319
vt 0.181377 0.889683
vt 0.195700 0.916480
vt 0.052843 0.735093
vt 0.029355 0.715816
vt 0.162712 0.897414
vt 0.171533 0.926491
vt 0.041619 0.751890
vt 0.014822 0.737566
vt 0.142898 0.901355
vt 0.145877 0.931594
vt 0.033888 0.770554
vt 0.004811 0.761734
vt 0.122696 0.901355
vt 0.119718 0.931594
vt 0.029947 0.790368
vt -0.000292 0.787390
vt 0.102882 0.897414
vt 0.094062 0.926491
vt 0.029947 0.810571
vt -0.000292 0.813549
vt 0.084218 0.889683
vt 0.069894 0.916480
vt 0.033888 0.830384
vt 0.004811 0.839205
vt 0.067420 0.878459
vt 0.048144 0.901947
vt 0.041619 0.849049
vt 0.014822 0.863373
vt 0.662493 0.250052
vt 0.689085 0.250052
vt 0.936432 0.015040
vt 0.909840 0.015040
vt 0.694483 0.302777
vt 0.667891 0.302777
vt 0.905332 0.000000
vt 0.931924 0.000000
vt 0.662493 0.275708
vt 0.689085 0.275708
vt 0.931924 0.177137
vt 0.931924 0.193934
vt 0.905332 0.193934
vt 0.905332 0.177137
vt 0.694483 0.328936
vt 0.667891 0.328936
vt 0.933516 0.141667
vt 0.933516 0.124870
vt 0.960109 0.124870
vt 0.960109 0.141667
vt 0.662493 0.301867
vt 0.689085 0.301867
vt 0.931924 0.158473
vt 0.905332 0.158473
vt 0.694483 0.354592
vt 0.667891 0.354592
vt 0.933516 0.106206
vt 0.960109 0.106206
vt 0.662493 0.327523
vt 0.689085 0.327523
vt 0.963025 0.110331
vt 0.963025 0.128996
vt 0.936432 0.128996
vt 0.936432 0.110331
vt 0.931924 0.138659
vt 0.905332 0.138659
vt 0.694483 0.378759
vt 0.667891 0.378759
vt 0.937333 0.153017
vt 0.937333 0.134352
vt 0.963925 0.134352
vt 0.963925 0.153017
vt 0.933516 0.086392
vt 0.960109 0.086392
vt 0.662493 0.351691
vt 0.689085 0.351691
vt 0.963025 0.090517
vt 0.936432 0.090517
vt 0.931924 0.118456
vt 0.905332 0.118456
vt 0.694483 0.400509
vt 0.667891 0.400509
vt 0.937333 0.114538
vt 0.963925 0.114538
vt 0.933516 0.066189
vt 0.960109 0.066189
vt 0.662493 0.373441
vt 0.689085 0.373441
vt 0.963025 0.070315
vt 0.936432 0.070315
vt 0.931924 0.174927
vt 0.905332 0.174927
vt 0.664872 0.189453
vt 0.664872 0.211203
vt 0.638280 0.211203
vt 0.638280 0.189453
vt 0.937333 0.094336
vt 0.963925 0.094336
vt 0.933516 0.046375
vt 0.960109 0.046376
vt 0.664872 0.211203
vt 0.691465 0.189453
vt 0.691465 0.211203
vt 0.963025 0.050501
vt 0.936432 0.050501
vt 0.931924 0.156262
vt 0.905332 0.156262
vt 0.664872 0.235371
vt 0.638280 0.235371
vt 0.937333 0.074522
vt 0.963925 0.074522
vt 0.933516 0.027711
vt 0.960109 0.027711
vt 0.691465 0.235371
vt 0.963025 0.031837
vt 0.936432 0.031837
vt 0.931924 0.139465
vt 0.905332 0.139465
vt 0.664872 0.261027
vt 0.638280 0.261027
vt 0.937333 0.055858
vt 0.963925 0.055858
vt 0.933516 0.010914
vt 0.960109 0.010914
vt 0.691465 0.261027
vt 0.963025 0.015040
vt 0.936432 0.015040
vt 0.963025 0.145793
vt 0.936432 0.145793
vt 0.664872 0.287186
vt 0.638280 0.287186
vt 0.937333 0.039060
vt 0.963925 0.039060
vt 0.937333 0.169814
vt 0.963925 0.169814
vt 0.691465 0.287186
vt 0.943467 0.171302
vt 0.943467 0.185587
vt 0.916874 0.185587
vt 0.916874 0.171302
vt 0.664872 0.312842
vt 0.638280 0.312842
vt 0.937333 0.024775
vt 0.963925 0.024775
vt 0.664872 0.312842
vt 0.691465 0.312842
vt 0.943467 0.154505
vt 0.916874 0.154505
vt 0.664872 0.337009
vt 0.638280 0.337009
vt 0.910741 0.181038
vt 0.910741 0.164240
vt 0.937333 0.164240
vt 0.937333 0.181038
vt 0.664872 0.337009
vt 0.691465 0.337009
vt 0.943467 0.135840
vt 0.916874 0.135840
vt 0.664872 0.358760
vt 0.638280 0.358760
vt 0.910741 0.145576
vt 0.937333 0.145576
vt 0.664872 0.358760
vt 0.691465 0.358760
vt 0.657587 0.184570
vt 0.630994 0.184570
s 0
usemtl Material.004
f 941/1892/248 944/1893/248 943/1894/248 942/1895/248
f 942/1895/249 943/1894/249 946/1896/249 945/1897/249
f 945/1897/250 946/1896/250 948/1898/250 947/1899/250
f 947/1899/251 948/1898/251 950/1900/251 949/1901/251
f 949/1901/252 950/1900/252 952/1902/252 951/1903/252
f 951/1903/253 952/1902/253 954/1904/253 953/1905/253
f 953/1905/254 954/1904/254 956/1906/254 955/1907/254
f 955/1908/255 956/1909/255 958/1910/255 957/1911/255
f 957/1911/256 958/1910/256 960/1912/256 959/1913/256
f 959/1913/257 960/1912/257 962/1914/257 961/1915/257
f 961/1915/258 962/1914/258 964/1916/258 963/1917/258
f 963/1917/259 964/1916/259 966/1918/259 965/1919/259
f 965/1919/260 966/1918/260 968/1920/260 967/1921/260
f 967/1921/261 968/1920/261 970/1922/261 969/1923/261
f 969/1923/262 970/1922/262 972/1924/262 971/1925/262
f 971/1925/263 972/1924/263 974/1926/263 973/1927/263
f 973/1907/264 974/1906/264 976/1928/264 975/1929/264
f 975/1929/265 976/1928/265 978/1930/265 977/1931/265
f 977/1931/266 978/1930/266 980/1932/266 979/1933/266
f 979/1933/267 980/1932/267 982/1934/267 981/1935/267
f 981/1935/268 982/1934/268 984/1936/268 983/1937/268
f 983/1937/269 984/1936/269 986/1938/269 985/1939/269
f 985/1939/270 986/1938/270 988/1940/270 987/1941/270
f 987/1941/271 988/1940/271 990/1942/271 989/1943/271
f 989/1944/272 990/1945/272 992/1946/272 991/1947/272
f 991/1947/273 992/1946/273 994/1948/273 993/1949/273
f 993/1949/274 994/1948/274 996/1950/274 995/1951/274
f 995/1951/275 996/1950/275 998/1952/275 997/1953/275
f 997/1953/276 998/1952/276 1000/1954/276 999/1955/276
f 999/1955/277 1000/1954/277 1002/1956/277 1001/1957/277
f 880/1958/278 878/1959/278 940/1960/278 938/1961/278 936/1962/278 934/1963/278 932/1964/278 930/1965/278 928/1966/278 926/1967/278 924/1968/278 922/1969/278 920/1970/278 918/1971/278 916/1972/278 914/1973/278 912/1974/278 910/1975/278 908/1976/278 906/1977/278 904/1978/278 902/1979/278 900/1980/278 898/1981/278 896/1982/278 894/1983/278 892/1984/278 890/1985/278 888/1986/278 886/1987/278 884/1988/278 882/1989/278
f 1001/1957/279 1002/1956/279 1004/1990/279 1003/1991/279
f 1003/1992/280 1004/1993/280 944/1893/280 941/1892/280
f 877/1994/281 879/1995/281 881/1996/281 883/1997/281 885/1998/281 887/1999/281 889/2000/281 891/2001/281 893/2002/281 895/2003/281 897/2004/281 899/2005/281 901/2006/281 903/2007/281 905/2008/281 907/2009/281 909/2010/281 911/2011/281 913/2012/281 915/2013/281 917/2014/281 919/2015/281 921/2016/281 923/2017/281 925/2018/281 927/2019/281 929/2020/281 931/2021/281 933/2022/281 935/2023/281 937/2024/281 939/2025/281
f 1006/2026/281 1005/2027/281 941/2028/281 942/2029/281
f 1008/2030/278 1007/2031/278 943/2032/278 944/2033/278
f 1009/2034/281 1006/2026/281 942/2029/281 945/2035/281
f 1007/2031/278 1010/2036/278 946/2037/278 943/2032/278
f 1011/2038/281 1009/2034/281 945/2035/281 947/2039/281
f 1010/2036/278 1012/2040/278 948/2041/278 946/2037/278
f 1013/2042/281 1011/2038/281 947/2039/281 949/2043/281
f 1012/2040/278 1014/2044/278 950/2045/278 948/2041/278
f 1015/2046/281 1013/2042/281 949/2043/281 951/2047/281
f 1014/2044/278 1016/2048/278 952/2049/278 950/2045/278
f 1017/2050/281 1015/2046/281 951/2047/281 953/2051/281
f 1016/2048/278 1018/2052/278 954/2053/278 952/2049/278
f 1019/2054/281 1017/2050/281 953/2051/281 955/2055/281
f 1018/2052/278 1020/2056/278 956/2057/278 954/2053/278
f 1021/2058/281 1019/2054/281 955/2055/281 957/2059/281
f 1020/2056/278 1022/2060/278 958/2061/278 956/2057/278
f 1023/2062/281 1021/2058/281 957/2059/281 959/2063/281
f 1022/2060/278 1024/2064/278 960/2065/278 958/2061/278
f 1025/2066/281 1023/2062/281 959/2063/281 961/2067/281
f 1024/2064/278 1026/2068/278 962/2069/278 960/2065/278
f 1027/2070/281 1025/2066/281 961/2067/281 963/2071/281
f 1026/2068/278 1028/2072/278 964/2073/278 962/2069/278
f 1029/2074/281 1027/2070/281 963/2071/281 965/2075/281
f 1028/2072/278 1030/2076/278 966/2077/278 964/2073/278
f 1031/2078/281 1029/2074/281 965/2075/281 967/2079/281
f 1030/2076/278 1032/2080/278 968/2081/278 966/2077/278
f 1033/2082/281 1031/2078/281 967/2079/281 969/2083/281
f 1032/2080/278 1034/2084/278 970/2085/278 968/2081/278
f 1035/2086/281 1033/2082/281 969/2083/281 971/2087/281
f 1034/2084/278 1036/2088/278 972/2089/278 970/2085/278
f 1037/2090/281 1035/2086/281 971/2087/281 973/2091/281
f 1036/2088/278 1038/2092/278 974/2093/278 972/2089/278
f 1039/2094/281 1037/2090/281 973/2091/281 975/2095/281
f 1038/2092/278 1040/2096/278 976/2097/278 974/2093/278
f 1041/2098/281 1039/2094/281 975/2095/281 977/2099/281
f 1040/2096/278 1042/2100/278 978/2101/278 976/2097/278
f 1043/2102/281 1041/2098/281 977/2099/281 979/2103/281
f 1042/2100/278 1044/2104/278 980/2105/278 978/2101/278
f 1045/2106/281 1043/2102/281 979/2103/281 981/2107/281
f 1044/2104/278 1046/2108/278 982/2109/278 980/2105/278
f 1047/2110/281 1045/2106/281 981/2107/281 983/2111/281
f 1046/2108/278 1048/2112/278 984/2113/278 982/2109/278
f 1049/2114/281 1047/2110/281 983/2111/281 985/2115/281
f 1048/2112/278 1050/2116/278 986/2117/278 984/2113/278
f 1051/2118/281 1049/2114/281 985/2115/281 987/2119/281
f 1050/2116/278 1052/2120/278 988/2121/278 986/2117/278
f 1053/2122/281 1051/2118/281 987/2119/281 989/2123/281
f 1052/2120/278 1054/2124/278 990/2125/278 988/2121/278
f 1055/2126/281 1053/2122/281 989/2123/281 991/2127/281
f 1054/2124/278 1056/2128/278 992/2129/278 990/2125/278
f 1057/2130/281 1055/2126/281 991/2127/281 993/2131/281
f 1056/2128/278 1058/2132/278 994/2133/278 992/2129/278
f 1059/2134/281 1057/2130/281 993/2131/281 995/2135/281
f 1058/2132/278 1060/2136/278 996/2137/278 994/2133/278
f 1061/2138/281 1059/2134/281 995/2135/281 997/2139/281
f 1060/2136/278 1062/2140/278 998/2141/278 996/2137/278
f 1063/2142/281 1061/2138/281 997/2139/281 999/2143/281
f 1062/2140/278 1064/2144/278 1000/2145/278 998/2141/278
f 1065/2146/281 1063/2142/281 999/2143/281 1001/2147/281
f 1064/2144/278 1066/2148/278 1002/2149/278 1000/2145/278
f 1067/2150/281 1065/2146/281 1001/2147/281 1003/2151/281
f 1066/2148/278 1068/2152/278 1004/2153/278 1002/2149/278
f 1005/2027/281 1067/2150/281 1003/2151/281 941/2028/281
f 1068/2152/278 1008/2030/278 944/2033/278 1004/2153/278
f 922/2154/270 924/2155/270 1180/2156/270 1178/2157/270
f 1023/2158/273 1025/2159/273 1089/2160/273 1087/2161/273
f 923/2162/270 921/2163/270 1177/2164/270 1179/2165/270
f 1024/2166/272 1022/2167/272 1086/2168/272 1088/2169/272
f 920/2170/269 922/2154/269 1178/2157/269 1176/2171/269
f 1021/2172/272 1023/2158/272 1087/2161/272 1085/2173/272
f 921/2163/269 919/2174/269 1175/2175/269 1177/2164/269
f 1022/2176/271 1020/2177/271 1084/2178/271 1086/2179/271
f 918/2180/268 920/2170/268 1176/2171/268 1174/2181/268
f 1019/2182/271 1021/2183/271 1085/2184/271 1083/2185/271
f 919/2174/268 917/2186/268 1173/2187/268 1175/2175/268
f 1020/2177/270 1018/2188/270 1082/2189/270 1084/2178/270
f 916/2190/267 918/2180/267 1174/2181/267 1172/2191/267
f 1017/2192/270 1019/2182/270 1083/2185/270 1081/2193/270
f 917/2186/267 915/2194/267 1171/2195/267 1173/2187/267
f 1008/2196/263 1068/2197/263 1132/2198/263 1072/2199/263
f 1018/2188/269 1016/2200/269 1080/2201/269 1082/2189/269
f 914/2202/266 916/2190/266 1172/2191/266 1170/2203/266
f 1067/2204/263 1005/2196/263 1069/2205/263 1131/2206/263
f 1015/2207/269 1017/2192/269 1081/2193/269 1079/2208/269
f 915/2194/266 913/2209/266 1169/2210/266 1171/2195/266
f 1068/2197/262 1066/2211/262 1130/2212/262 1132/2198/262
f 1016/2200/268 1014/2213/268 1078/2214/268 1080/2201/268
f 912/2215/265 914/2202/265 1170/2203/265 1168/2216/265
f 1065/2211/262 1067/2204/262 1131/2206/262 1129/2217/262
f 1013/2218/268 1015/2207/268 1079/2208/268 1077/2219/268
f 913/2209/265 911/2220/265 1167/2221/265 1169/2210/265
f 1066/2211/261 1064/2222/261 1128/2223/261 1130/2212/261
f 1014/2213/267 1012/2224/267 1076/2225/267 1078/2214/267
f 910/2226/264 912/2215/264 1168/2216/264 1166/2227/264
f 1063/2222/261 1065/2211/261 1129/2217/261 1127/2228/261
f 1011/2229/267 1013/2218/267 1077/2219/267 1075/2230/267
f 911/2220/264 909/2231/264 1165/2232/264 1167/2221/264
f 1064/2222/260 1062/2233/260 1126/2234/260 1128/2223/260
f 1012/2224/266 1010/2235/266 1074/2236/266 1076/2225/266
f 908/2237/263 910/2238/263 1166/2239/263 1164/2240/263
f 1061/2241/260 1063/2222/260 1127/2228/260 1125/2242/260
f 1009/2243/266 1011/2229/266 1075/2230/266 1073/2244/266
f 909/2245/263 907/2246/263 1163/2247/263 1165/2248/263
f 1062/2233/259 1060/2249/259 1124/2250/259 1126/2234/259
f 1010/2235/265 1007/2251/265 1071/2252/265 1074/2236/265
f 906/2253/262 908/2237/262 1164/2240/262 1162/2254/262
f 1059/2255/259 1061/2241/259 1125/2242/259 1123/2256/259
f 1006/2257/265 1009/2243/265 1073/2244/265 1070/2258/265
f 907/2246/262 905/2259/262 1161/2260/262 1163/2247/262
f 1060/2249/258 1058/2261/258 1122/2262/258 1124/2250/258
f 1007/2251/264 1008/2263/264 1072/2264/264 1071/2252/264
f 904/2265/261 906/2253/261 1162/2254/261 1160/2266/261
f 1057/2261/258 1059/2255/258 1123/2256/258 1121/2267/258
f 1005/2268/264 1006/2257/264 1070/2258/264 1069/2269/264
f 905/2259/261 903/2270/261 1159/2271/261 1161/2260/261
f 1058/2261/257 1056/2272/257 1120/2273/257 1122/2262/257
f 902/2274/260 904/2265/260 1160/2266/260 1158/2275/260
f 1055/2276/257 1057/2261/257 1121/2267/257 1119/2277/257
f 903/2270/260 901/2278/260 1157/2279/260 1159/2271/260
f 1056/2272/256 1054/2280/256 1118/2281/256 1120/2273/256
f 900/2282/259 902/2274/259 1158/2275/259 1156/2283/259
f 1053/2284/256 1055/2276/256 1119/2277/256 1117/2285/256
f 901/2278/259 899/2286/259 1155/2287/259 1157/2279/259
f 1054/2280/255 1052/2288/255 1116/2289/255 1118/2281/255
f 898/2290/258 900/2282/258 1156/2283/258 1154/2291/258
f 1051/2288/255 1053/2284/255 1117/2285/255 1115/2292/255
f 899/2286/258 897/2293/258 1153/2294/258 1155/2287/258
f 1052/2288/254 1050/2295/254 1114/2296/254 1116/2289/254
f 1134/2297/281 1133/2298/281 1069/2299/281 1070/2300/281
f 1136/2301/278 1135/2302/278 1071/2303/278 1072/2304/278
f 1137/2305/281 1134/2297/281 1070/2300/281 1073/2306/281
f 1135/2302/278 1138/2307/278 1074/2308/278 1071/2303/278
f 1139/2309/281 1137/2305/281 1073/2306/281 1075/2310/281
f 1138/2307/278 1140/2311/278 1076/2312/278 1074/2308/278
f 1141/2313/281 1139/2309/281 1075/2310/281 1077/2314/281
f 1140/2311/278 1142/2315/278 1078/2316/278 1076/2312/278
f 1143/2317/281 1141/2313/281 1077/2314/281 1079/2318/281
f 1142/2315/278 1144/2319/278 1080/2320/278 1078/2316/278
f 1145/2321/281 1143/2317/281 1079/2318/281 1081/2322/281
f 1144/2319/278 1146/2323/278 1082/2324/278 1080/2320/278
f 1147/2325/281 1145/2321/281 1081/2322/281 1083/2326/281
f 1146/2323/278 1148/2327/278 1084/2328/278 1082/2324/278
f 1149/2329/281 1147/2325/281 1083/2326/281 1085/2330/281
f 1148/2327/278 1150/2331/278 1086/2332/278 1084/2328/278
f 1151/2333/281 1149/2329/281 1085/2330/281 1087/2334/281
f 1150/2331/278 1152/2335/278 1088/2336/278 1086/2332/278
f 1153/2337/281 1151/2333/281 1087/2334/281 1089/2338/281
f 1152/2335/278 1154/2339/278 1090/2340/278 1088/2336/278
f 1155/2341/281 1153/2337/281 1089/2338/281 1091/2342/281
f 1154/2339/278 1156/2343/278 1092/2344/278 1090/2340/278
f 1157/2345/281 1155/2341/281 1091/2342/281 1093/2346/281
f 1156/2343/278 1158/2347/278 1094/2348/278 1092/2344/278
f 1159/2349/281 1157/2345/281 1093/2346/281 1095/2350/281
f 1158/2347/278 1160/2351/278 1096/2352/278 1094/2348/278
f 1161/2353/281 1159/2349/281 1095/2350/281 1097/2354/281
f 1160/2351/278 1162/2355/278 1098/2356/278 1096/2352/278
f 1163/2357/281 1161/2353/281 1097/2354/281 1099/2358/281
f 1162/2355/278 1164/2359/278 1100/2360/278 1098/2356/278
f 1165/2361/281 1163/2357/281 1099/2358/281 1101/2362/281
f 1164/2359/278 1166/2363/278 1102/2364/278 1100/2360/278
f 1167/2365/281 1165/2361/281 1101/2362/281 1103/2366/281
f 1166/2363/278 1168/2367/278 1104/2368/278 1102/2364/278
f 1169/2369/281 1167/2365/281 1103/2366/281 1105/2370/281
f 1168/2367/278 1170/2371/278 1106/2372/278 1104/2368/278
f 1171/2373/281 1169/2369/281 1105/2370/281 1107/2374/281
f 1170/2371/278 1172/2375/278 1108/2376/278 1106/2372/278
f 1173/2377/281 1171/2373/281 1107/2374/281 1109/2378/281
f 1172/2375/278 1174/2379/278 1110/2380/278 1108/2376/278
f 1175/2381/281 1173/2377/281 1109/2378/281 1111/2382/281
f 1174/2379/278 1176/2383/278 1112/2384/278 1110/2380/278
f 1177/2385/281 1175/2381/281 1111/2382/281 1113/2386/281
f 1176/2383/278 1178/2387/278 1114/2388/278 1112/2384/278
f 1179/2389/281 1177/2385/281 1113/2386/281 1115/2390/281
f 1178/2387/278 1180/2391/278 1116/2392/278 1114/2388/278
f 1181/2393/281 1179/2389/281 1115/2390/281 1117/2394/281
f 1180/2391/278 1182/2395/278 1118/2396/278 1116/2392/278
f 1183/2397/281 1181/2393/281 1117/2394/281 1119/2398/281
f 1182/2395/278 1184/2399/278 1120/2400/278 1118/2396/278
f 1185/2401/281 1183/2397/281 1119/2398/281 1121/2402/281
f 1184/2399/278 1186/2403/278 1122/2404/278 1120/2400/278
f 1187/2405/281 1185/2401/281 1121/2402/281 1123/2406/281
f 1186/2403/278 1188/2407/278 1124/2408/278 1122/2404/278
f 1189/2409/281 1187/2405/281 1123/2406/281 1125/2410/281
f 1188/2407/278 1190/2411/278 1126/2412/278 1124/2408/278
f 1191/2413/281 1189/2409/281 1125/2410/281 1127/2414/281
f 1190/2411/278 1192/2415/278 1128/2416/278 1126/2412/278
f 1193/2417/281 1191/2413/281 1127/2414/281 1129/2418/281
f 1192/2415/278 1194/2419/278 1130/2420/278 1128/2416/278
f 1195/2421/281 1193/2417/281 1129/2418/281 1131/2422/281
f 1194/2419/278 1196/2423/278 1132/2424/278 1130/2420/278
f 1133/2298/281 1195/2421/281 1131/2422/281 1069/2299/281
f 1196/2423/278 1136/2301/278 1072/2304/278 1132/2424/278
f 1026/2425/273 1024/2166/273 1088/2169/273 1090/2426/273
f 925/2427/271 923/2162/271 1179/2165/271 1181/2428/271
f 1025/2159/274 1027/2429/274 1091/2430/274 1089/2160/274
f 924/2155/271 926/2431/271 1182/2432/271 1180/2156/271
f 1028/2433/274 1026/2425/274 1090/2426/274 1092/2434/274
f 927/2435/272 925/2436/272 1181/2437/272 1183/2438/272
f 1027/2429/275 1029/2439/275 1093/2440/275 1091/2430/275
f 926/2441/272 928/2442/272 1184/2443/272 1182/2444/272
f 1030/2445/275 1028/2433/275 1092/2434/275 1094/2446/275
f 929/2447/273 927/2435/273 1183/2438/273 1185/2448/273
f 1029/2439/276 1031/2449/276 1095/2450/276 1093/2440/276
f 928/2442/273 930/2451/273 1186/2452/273 1184/2443/273
f 1032/2453/276 1030/2445/276 1094/2446/276 1096/2454/276
f 879/2455/248 877/2456/248 1133/2457/248 1134/2458/248
f 931/2459/274 929/2447/274 1185/2448/274 1187/2460/274
f 1031/2449/277 1033/2461/277 1097/2462/277 1095/2450/277
f 878/2463/248 880/2464/248 1135/2465/248 1136/2466/248
f 930/2451/274 932/2467/274 1188/2468/274 1186/2452/274
f 1034/2469/277 1032/2453/277 1096/2454/277 1098/2470/277
f 881/2471/249 879/2455/249 1134/2458/249 1137/2472/249
f 933/2473/275 931/2459/275 1187/2460/275 1189/2474/275
f 1033/2461/279 1035/2475/279 1099/2476/279 1097/2462/279
f 880/2464/249 882/2477/249 1138/2478/249 1135/2465/249
f 932/2467/275 934/2479/275 1190/2480/275 1188/2468/275
f 1036/2481/279 1034/2469/279 1098/2470/279 1100/2482/279
f 883/2483/250 881/2471/250 1137/2472/250 1139/2484/250
f 935/2485/276 933/2473/276 1189/2474/276 1191/2486/276
f 1035/2487/280 1037/2488/280 1101/2489/280 1099/2490/280
f 882/2477/250 884/2491/250 1140/2492/250 1138/2478/250
f 934/2479/276 936/2493/276 1192/2494/276 1190/2480/276
f 1038/2495/280 1036/2487/280 1100/2496/280 1102/2497/280
f 885/2498/251 883/2483/251 1139/2484/251 1141/2499/251
f 937/2500/277 935/2485/277 1191/2486/277 1193/2501/277
f 1037/2488/248 1039/2502/248 1103/2503/248 1101/2489/248
f 884/2491/251 886/2504/251 1142/2505/251 1140/2492/251
f 936/2493/277 938/2506/277 1194/2507/277 1192/2494/277
f 1040/2502/248 1038/2495/248 1102/2497/248 1104/2508/248
f 887/2509/252 885/2498/252 1141/2499/252 1143/2510/252
f 939/2511/279 937/2500/279 1193/2501/279 1195/2512/279
f 1039/2502/249 1041/2513/249 1105/2514/249 1103/2503/249
f 886/2504/252 888/2515/252 1144/2516/252 1142/2505/252
f 938/2506/279 940/2517/279 1196/2518/279 1194/2507/279
f 1042/2513/249 1040/2502/249 1104/2508/249 1106/2519/249
f 889/2520/253 887/2509/253 1143/2510/253 1145/2521/253
f 877/2456/280 939/2522/280 1195/2523/280 1133/2457/280
f 1041/2513/250 1043/2524/250 1107/2525/250 1105/2514/250
f 888/2515/253 890/2526/253 1146/2527/253 1144/2516/253
f 940/2528/280 878/2463/280 1136/2466/280 1196/2529/280
f 1044/2524/250 1042/2513/250 1106/2519/250 1108/2530/250
f 891/2531/254 889/2532/254 1145/2533/254 1147/2534/254
f 1043/2524/251 1045/2535/251 1109/2536/251 1107/2525/251
f 890/2526/254 892/2537/254 1148/2538/254 1146/2527/254
f 1046/2539/251 1044/2524/251 1108/2530/251 1110/2540/251
f 893/2541/255 891/2531/255 1147/2534/255 1149/2542/255
f 1045/2535/252 1047/2543/252 1111/2544/252 1109/2536/252
f 892/2545/255 894/2546/255 1150/2547/255 1148/2548/255
f 1048/2549/252 1046/2539/252 1110/2540/252 1112/2550/252
f 895/2551/256 893/2541/256 1149/2542/256 1151/2552/256
f 1047/2543/253 1049/2553/253 1113/2554/253 1111/2544/253
f 894/2546/256 896/2555/256 1152/2556/256 1150/2547/256
f 1050/2557/253 1048/2549/253 1112/2550/253 1114/2558/253
f 897/2293/257 895/2551/257 1151/2552/257 1153/2294/257
f 1049/2559/254 1051/2288/254 1115/2292/254 1113/2560/254
f 896/2555/257 898/2290/257 1154/2291/257 1152/2556/257
o Cylinder.001
v -1.470110 0.971922 1.175220
v -0.832440 0.971922 1.175220
v -1.470110 0.835924 1.188615
v -0.832440 0.835924 1.188615
v -1.470110 0.705153 1.228284
v -0.832440 0.705153 1.228284
v -1.470110 0.584634 1.292703
v -0.832440 0.584634 1.292703
v -1.470110 0.478998 1.379396
v -0.832440 0.478998 1.379396
v -1.470110 0.392305 1.485032
v -0.832440 0.392305 1.485032
v -1.470110 0.327886 1.605551
v -0.832440 0.327886 1.605551
v -1.470110 0.288217 1.736322
v -0.832440 0.288217 1.736322
v -1.470110 0.274823 1.872319
v -0.832440 0.274823 1.872319
v -1.470110 0.288217 2.008317
v -0.832440 0.288217 2.008317
v -1.470110 0.327886 2.139087
v -0.832440 0.327886 2.139087
v -1.470110 0.392305 2.259607
v -0.832440 0.392305 2.259607
v -1.470110 0.478998 2.365242
v -0.832440 0.478998 2.365242
v -1.470110 0.584634 2.451936
v -0.832440 0.584634 2.451936
v -1.470110 0.705153 2.516354
v -0.832440 0.705153 2.516354
v -1.470110 0.835924 2.556023
v -0.832440 0.835924 2.556023
v -1.470110 0.971922 2.569418
v -0.832440 0.971922 2.569418
v -1.470110 1.107919 2.556023
v -0.832440 1.107919 2.556023
v -1.470110 1.238690 2.516354
v -0.832440 1.238690 2.516354
v -1.470110 1.359209 2.451936
v -0.832440 1.359209 2.451936
v -1.470110 1.464845 2.365242
v -0.832440 1.464845 2.365242
v -1.470110 1.551538 2.259607
v -0.832440 1.551538 2.259607
v -1.470111 1.615957 2.139087
v -0.832440 1.615957 2.139087
v -1.470111 1.655626 2.008317
v -0.832440 1.655626 2.008317
v -1.470111 1.669020 1.872319
v -0.832440 1.669020 1.872319
v -1.470111 1.655626 1.736322
v -0.832440 1.655626 1.736322
v -1.470111 1.615957 1.605551
v -0.832440 1.615957 1.605551
v -1.470110 1.551538 1.485032
v -0.832440 1.551538 1.485032
v -1.470110 1.464845 1.379396
v -0.832440 1.464845 1.379396
v -1.470110 1.359209 1.292703
v -0.832440 1.359209 1.292703
v -1.470110 1.238690 1.228284
v -0.832440 1.238690 1.228284
v -1.470110 1.107919 1.188615
v -0.832440 1.107919 1.188615
v -1.470110 0.971922 0.905728
v -1.470110 0.783349 0.924301
v -0.832440 0.783349 0.924301
v -0.832440 0.971922 0.905728
v -1.470110 0.602023 0.979306
v -0.832440 0.602023 0.979306
v -1.470110 0.434912 1.068628
v -0.832440 0.434912 1.068628
v -1.470110 0.288438 1.188836
v -0.832440 0.288438 1.188836
v -1.470110 0.168230 1.335310
v -0.832440 0.168230 1.335310
v -1.470110 0.078908 1.502421
v -0.832440 0.078908 1.502421
v -1.470110 0.023903 1.683747
v -0.832440 0.023903 1.683747
v -1.470110 0.005331 1.872319
v -0.832440 0.005331 1.872319
v -1.470110 0.023903 2.060892
v -0.832440 0.023903 2.060892
v -1.470110 0.078908 2.242218
v -0.832440 0.078908 2.242218
v -1.470110 0.168230 2.409328
v -0.832440 0.168230 2.409328
v -1.470110 0.288438 2.555802
v -0.832440 0.288438 2.555802
v -1.470110 0.434912 2.676010
v -0.832440 0.434912 2.676010
v -1.470110 0.602023 2.765333
v -0.832440 0.602023 2.765333
v -1.470110 0.783349 2.820338
v -0.832440 0.783349 2.820338
v -1.470110 0.971922 2.838910
v -0.832440 0.971922 2.838910
v -1.470110 1.160494 2.820338
v -0.832440 1.160494 2.820338
v -1.470110 1.341820 2.765333
v -0.832440 1.341820 2.765333
v -1.470110 1.508931 2.676010
v -0.832440 1.508931 2.676010
v -1.470111 1.655405 2.555802
v -0.832440 1.655405 2.555802
v -1.470111 1.775613 2.409328
v -0.832440 1.775613 2.409328
v -1.470111 1.864935 2.242218
v -0.832440 1.864935 2.242218
v -1.470111 1.919940 2.060892
v -0.832440 1.919940 2.060892
v -1.470111 1.938513 1.872319
v -0.832440 1.938513 1.872319
v -1.470111 1.919940 1.683747
v -0.832440 1.919940 1.683747
v -1.470111 1.864935 1.502421
v -0.832440 1.864935 1.502421
v -1.470111 1.775613 1.335310
v -0.832440 1.775613 1.335310
v -1.470111 1.655405 1.188836
v -0.832440 1.655405 1.188836
v -1.470110 1.508931 1.068628
v -0.832440 1.508931 1.068628
v -1.470110 1.341820 0.979306
v -0.832440 1.341820 0.979306
v -1.470110 1.160494 0.924301
v -0.832440 1.160494 0.924301
v -1.470110 0.971922 1.071563
v -1.470110 0.815702 1.086950
v -0.832440 0.815702 1.086950
v -0.832440 0.971922 1.071563
v -1.470110 0.665486 1.132517
v -0.832440 0.665486 1.132517
v -1.470110 0.527045 1.206515
v -0.832440 0.527045 1.206515
v -1.470110 0.405702 1.306099
v -0.832440 0.405702 1.306099
v -1.470110 0.306117 1.427443
v -0.832440 0.306117 1.427443
v -1.470110 0.232120 1.565883
v -0.832440 0.232120 1.565883
v -1.470110 0.186552 1.716100
v -0.832440 0.186552 1.716100
v -1.470110 0.171166 1.872319
v -0.832440 0.171166 1.872319
v -1.470110 0.186552 2.028539
v -0.832440 0.186552 2.028539
v -1.470110 0.232120 2.178755
v -0.832440 0.232120 2.178755
v -1.470110 0.306117 2.317195
v -0.832440 0.306117 2.317195
v -1.470110 0.405702 2.438539
v -0.832440 0.405702 2.438539
v -1.470110 0.527045 2.538124
v -0.832440 0.527045 2.538124
v -1.470110 0.665486 2.612121
v -0.832440 0.665486 2.612121
v -1.470110 0.815702 2.657689
v -0.832440 0.815702 2.657689
v -1.470110 0.971922 2.673075
v -0.832440 0.971922 2.673075
v -1.470110 1.128141 2.657689
v -0.832440 1.128141 2.657689
v -1.470110 1.278358 2.612121
v -0.832440 1.278358 2.612121
v -1.470110 1.416798 2.538124
v -0.832440 1.416798 2.538124
v -1.470110 1.538141 2.438539
v -0.832440 1.538141 2.438539
v -1.470111 1.637726 2.317195
v -0.832440 1.637726 2.317195
v -1.470111 1.711724 2.178755
v -0.832440 1.711724 2.178755
v -1.470111 1.757291 2.028539
v -0.832440 1.757291 2.028539
v -1.470111 1.772678 1.872319
v -0.832440 1.772678 1.872319
v -1.470111 1.757291 1.716100
v -0.832440 1.757291 1.716100
v -1.470111 1.711724 1.565883
v -0.832440 1.711724 1.565883
v -1.470111 1.637726 1.427443
v -0.832440 1.637726 1.427443
v -1.470110 1.538141 1.306099
v -0.832440 1.538141 1.306099
v -1.470110 1.416798 1.206515
v -0.832440 1.416798 1.206515
v -1.470110 1.278358 1.132517
v -0.832440 1.278358 1.132517
v -1.470110 1.128141 1.086950
v -0.832440 1.128141 1.086950
v -1.411446 0.971863 1.071563
v -1.411446 0.815643 1.086950
v -0.891105 0.815643 1.086950
v -0.891105 0.971863 1.071563
v -1.411446 0.665427 1.132517
v -0.891105 0.665427 1.132517
v -1.411446 0.526986 1.206515
v -0.891105 0.526987 1.206515
v -1.411446 0.405643 1.306099
v -0.891105 0.405643 1.306099
v -1.411446 0.306058 1.427443
v -0.891105 0.306058 1.427443
v -1.411446 0.232061 1.565883
v -0.891105 0.232061 1.565883
v -1.411446 0.186493 1.716100
v -0.891105 0.186493 1.716100
v -1.411446 0.171107 1.872319
v -0.891105 0.171107 1.872319
v -1.411446 0.186493 2.028539
v -0.891105 0.186493 2.028539
v -1.411446 0.232061 2.178755
v -0.891105 0.232061 2.178755
v -1.411446 0.306058 2.317195
v -0.891105 0.306058 2.317195
v -1.411446 0.405643 2.438539
v -0.891105 0.405643 2.438539
v -1.411446 0.526986 2.538124
v -0.891105 0.526987 2.538124
v -1.411446 0.665427 2.612121
v -0.891105 0.665427 2.612121
v -1.411446 0.815643 2.657689
v -0.891105 0.815643 2.657689
v -1.411446 0.971863 2.673075
v -0.891105 0.971863 2.673075
v -1.411446 1.128083 2.657689
v -0.891105 1.128083 2.657689
v -1.411446 1.278299 2.612121
v -0.891105 1.278299 2.612121
v -1.411446 1.416739 2.538124
v -0.891105 1.416739 2.538124
v -1.411446 1.538083 2.438539
v -0.891105 1.538083 2.438539
v -1.411446 1.637667 2.317195
v -0.891105 1.637667 2.317195
v -1.411446 1.711665 2.178755
v -0.891105 1.711665 2.178755
v -1.411446 1.757232 2.028539
v -0.891105 1.757232 2.028539
v -1.411446 1.772619 1.872319
v -0.891105 1.772619 1.872319
v -1.411446 1.757232 1.716100
v -0.891105 1.757232 1.716100
v -1.411446 1.711665 1.565883
v -0.891105 1.711665 1.565883
v -1.411446 1.637667 1.427443
v -0.891105 1.637667 1.427443
v -1.411446 1.538083 1.306099
v -0.891105 1.538083 1.306099
v -1.411446 1.416739 1.206515
v -0.891105 1.416739 1.206515
v -1.411446 1.278299 1.132517
v -0.891105 1.278299 1.132517
v -1.411446 1.128083 1.086950
v -0.891105 1.128083 1.086950
v -1.411446 0.971863 1.175220
v -1.411446 0.835865 1.188615
v -0.891105 0.835866 1.188615
v -0.891105 0.971863 1.175220
v -1.411446 0.705095 1.228284
v -0.891105 0.705095 1.228284
v -1.411446 0.584575 1.292703
v -0.891105 0.584575 1.292703
v -1.411446 0.478939 1.379396
v -0.891105 0.478940 1.379396
v -1.411446 0.392246 1.485032
v -0.891105 0.392246 1.485032
v -1.411446 0.327828 1.605551
v -0.891105 0.327828 1.605551
v -1.411446 0.288159 1.736322
v -0.891105 0.288159 1.736322
v -1.411446 0.274764 1.872319
v -0.891105 0.274764 1.872319
v -1.411446 0.288159 2.008317
v -0.891105 0.288159 2.008317
v -1.411446 0.327828 2.139087
v -0.891105 0.327828 2.139087
v -1.411446 0.392246 2.259607
v -0.891105 0.392246 2.259607
v -1.411446 0.478939 2.365242
v -0.891105 0.478940 2.365242
v -1.411446 0.584575 2.451936
v -0.891105 0.584575 2.451936
v -1.411446 0.705095 2.516354
v -0.891105 0.705095 2.516354
v -1.411446 0.835865 2.556023
v -0.891105 0.835866 2.556023
v -1.411446 0.971863 2.569418
v -0.891105 0.971863 2.569418
v -1.411446 1.107860 2.556023
v -0.891105 1.107860 2.556023
v -1.411446 1.238631 2.516354
v -0.891105 1.238631 2.516354
v -1.411446 1.359150 2.451936
v -0.891105 1.359150 2.451936
v -1.411446 1.464786 2.365242
v -0.891105 1.464786 2.365242
v -1.411446 1.551479 2.259607
v -0.891105 1.551479 2.259607
v -1.411446 1.615898 2.139087
v -0.891105 1.615898 2.139087
v -1.411446 1.655567 2.008317
v -0.891105 1.655567 2.008317
v -1.411446 1.668961 1.872319
v -0.891105 1.668962 1.872319
v -1.411446 1.655567 1.736322
v -0.891105 1.655567 1.736322
v -1.411446 1.615898 1.605551
v -0.891105 1.615898 1.605551
v -1.411446 1.551479 1.485032
v -0.891105 1.551479 1.485032
v -1.411446 1.464786 1.379396
v -0.891105 1.464786 1.379396
v -1.411446 1.359150 1.292703
v -0.891105 1.359150 1.292703
v -1.411446 1.238631 1.228284
v -0.891105 1.238631 1.228284
v -1.411446 1.107860 1.188615
v -0.891105 1.107860 1.188615
vn -0.0000 -0.0980 -0.9952
vn -0.0000 -0.2903 -0.9569
vn -0.0000 -0.4714 -0.8819
vn -0.0000 -0.6344 -0.7730
vn -0.0000 -0.7730 -0.6344
vn -0.0000 -0.8819 -0.4714
vn -0.0000 -0.9569 -0.2903
vn -0.0000 -0.9952 -0.0980
vn -0.0000 -0.9952 0.0980
vn -0.0000 -0.9569 0.2903
vn -0.0000 -0.8819 0.4714
vn -0.0000 -0.7730 0.6344
vn -0.0000 -0.6344 0.7730
vn -0.0000 -0.4714 0.8819
vn -0.0000 -0.2903 0.9569
vn -0.0000 -0.0980 0.9952
vn -0.0000 0.0980 0.9952
vn -0.0000 0.2903 0.9569
vn -0.0000 0.4714 0.8819
vn -0.0000 0.6344 0.7730
vn -0.0000 0.7730 0.6344
vn -0.0000 0.8819 0.4714
vn -0.0000 0.9569 0.2903
vn -0.0000 0.9952 0.0980
vn -0.0000 0.9952 -0.0980
vn -0.0000 0.9569 -0.2903
vn -0.0000 0.8819 -0.4714
vn -0.0000 0.7730 -0.6344
vn -0.0000 0.6344 -0.7730
vn -0.0000 0.4714 -0.8819
vn 1.0000 -0.0000 -0.0000
vn -0.0000 0.2903 -0.9569
vn -0.0000 0.0980 -0.9952
vn -1.0000 -0.0000 -0.0000
vn -0.0003 -0.2903 0.9569
vn 0.0008 0.7730 0.6344
vn 0.0003 0.2903 0.9569
vn 0.0005 -0.4714 0.8819
vn -0.0006 0.6344 0.7730
vn -0.0001 0.0980 0.9952
vn -0.0005 -0.4714 0.8819
vn 0.0006 0.6344 0.7730
vn 0.0001 0.0980 0.9952
vn 0.0006 -0.6344 0.7730
vn -0.0005 0.4714 0.8819
vn 0.0001 -0.0980 0.9952
vn -0.0006 -0.6344 0.7730
vn 0.0005 0.4714 0.8819
vn -0.0001 -0.0980 0.9952
vn 0.0008 -0.7730 0.6344
vn -0.0003 0.2903 0.9569
vn 0.0003 -0.2903 0.9569
vn -0.0008 -0.7730 0.6344
vn 0.0009 -0.8819 0.4714
vn -0.0009 -0.8819 0.4714
vn 0.0010 -0.9569 0.2903
vn -0.0010 -0.9569 0.2903
vn 0.0010 -0.9952 0.0980
vn -0.0010 -0.9952 0.0980
vn 0.0010 -0.9952 -0.0980
vn -0.0010 -0.9952 -0.0980
vn 0.0010 -0.9569 -0.2903
vn -0.0010 -0.9569 -0.2903
vn 0.0009 -0.8819 -0.4714
vn -0.0009 -0.8819 -0.4714
vn 0.0008 -0.7730 -0.6344
vn -0.0008 -0.7730 -0.6344
vn 0.0006 -0.6344 -0.7730
vn -0.0006 -0.6344 -0.7730
vn 0.0005 -0.4714 -0.8819
vn -0.0001 0.0980 -0.9952
vn -0.0005 -0.4714 -0.8819
vn 0.0001 0.0980 -0.9952
vn 0.0003 -0.2903 -0.9569
vn -0.0003 0.2903 -0.9569
vn -0.0008 0.7730 0.6344
vn 0.0009 0.8819 0.4714
vn -0.0009 0.8819 0.4714
vn 0.0010 0.9569 0.2903
vn -0.0010 0.9569 0.2903
vn 0.0010 0.9952 0.0980
vn -0.0010 0.9952 0.0980
vn 0.0010 0.9952 -0.0980
vn -0.0010 0.9952 -0.0980
vn 0.0010 0.9569 -0.2903
vn -0.0010 0.9569 -0.2903
vn 0.0009 0.8819 -0.4714
vn -0.0009 0.8819 -0.4714
vn 0.0008 0.7730 -0.6344
vn -0.0008 0.7730 -0.6344
vn 0.0006 0.6344 -0.7730
vn -0.0006 0.6344 -0.7730
vn -0.0001 -0.0980 -0.9952
vn 0.0005 0.4714 -0.8819
vn 0.0001 -0.0980 -0.9952
vn -0.0005 0.4714 -0.8819
vn -0.0003 -0.2903 -0.9569
vn 0.0003 0.2903 -0.9569
vt 0.432925 0.636005
vt 0.432925 0.318002
vt 0.463496 0.318002
vt 0.463496 0.636005
vt 0.492293 0.318002
vt 0.492293 0.636005
vt 0.518210 0.318002
vt 0.518210 0.636005
vt 0.540250 0.318002
vt 0.540250 0.636005
vt 0.316471 0.637904
vt 0.316471 0.319902
vt 0.338511 0.319902
vt 0.338511 0.637904
vt 0.364428 0.319902
vt 0.364428 0.637904
vt 0.393225 0.319902
vt 0.393225 0.637904
vt 0.423796 0.319902
vt 0.423796 0.637904
vt 0.454966 0.319902
vt 0.454966 0.637904
vt 0.485536 0.319902
vt 0.485536 0.637904
vt 0.514333 0.319902
vt 0.514333 0.637904
vt 0.540250 0.319902
vt 0.540250 0.637904
vt 0.562290 0.319902
vt 0.562290 0.637904
vt 0.361922 0.318002
vt 0.361922 0.636005
vt 0.390719 0.318002
vt 0.390719 0.636005
vt 0.421290 0.318002
vt 0.421290 0.636005
vt 0.452459 0.318002
vt 0.452459 0.636005
vt 0.483030 0.318002
vt 0.483030 0.636005
vt 0.511827 0.318002
vt 0.511827 0.636005
vt 0.537744 0.318002
vt 0.537744 0.636005
vt 0.559784 0.318002
vt 0.559784 0.636005
vt 0.316471 0.637797
vt 0.316471 0.319794
vt 0.342388 0.319794
vt 0.342388 0.637797
vt 0.371185 0.319794
vt 0.371185 0.637797
vt 0.401756 0.319794
vt 0.401756 0.637797
vt 0.432925 0.319794
vt 0.432925 0.637797
vt 0.463496 0.319794
vt 0.463496 0.637797
vt 0.492293 0.319794
vt 0.492293 0.637797
vt 0.518210 0.319794
vt 0.518210 0.637797
vt 0.316471 0.636005
vt 0.316471 0.318002
vt 0.342388 0.318002
vt 0.342388 0.636005
vt 0.371185 0.318002
vt 0.371185 0.636005
vt 0.614037 0.806240
vt 0.606643 0.769072
vt 0.606643 0.731175
vt 0.614036 0.694007
vt 0.628539 0.658995
vt 0.649593 0.627485
vt 0.676390 0.600688
vt 0.707900 0.579633
vt 0.742912 0.565131
vt 0.780080 0.557738
vt 0.817977 0.557738
vt 0.855146 0.565131
vt 0.890158 0.579633
vt 0.921668 0.600687
vt 0.948465 0.627484
vt 0.969519 0.658994
vt 0.984021 0.694006
vt 0.991415 0.731175
vt 0.991415 0.769071
vt 0.984021 0.806240
vt 0.969519 0.841252
vt 0.948465 0.872762
vt 0.921668 0.899559
vt 0.890158 0.920613
vt 0.855146 0.935116
vt 0.817977 0.942509
vt 0.780081 0.942509
vt 0.742912 0.935116
vt 0.707900 0.920613
vt 0.676390 0.899559
vt 0.649593 0.872762
vt 0.628539 0.841252
vt 0.401756 0.318002
vt 0.401756 0.636005
vt 0.609753 0.769072
vt 0.609753 0.731175
vt 0.617146 0.694006
vt 0.631649 0.658994
vt 0.652703 0.627485
vt 0.679500 0.600688
vt 0.711010 0.579633
vt 0.746022 0.565131
vt 0.783190 0.557738
vt 0.821087 0.557738
vt 0.858256 0.565131
vt 0.893267 0.579633
vt 0.924777 0.600688
vt 0.951574 0.627485
vt 0.972629 0.658994
vt 0.987131 0.694006
vt 0.994524 0.731175
vt 0.994524 0.769072
vt 0.987131 0.806240
vt 0.972629 0.841252
vt 0.951574 0.872762
vt 0.924777 0.899559
vt 0.893268 0.920613
vt 0.858256 0.935116
vt 0.821087 0.942509
vt 0.783190 0.942509
vt 0.746022 0.935116
vt 0.711010 0.920613
vt 0.679500 0.899559
vt 0.652703 0.872762
vt 0.631649 0.841252
vt 0.617146 0.806240
vt 0.054097 0.254173
vt 0.069996 0.277968
vt 0.046625 0.297148
vt 0.027433 0.268425
vt 0.069996 0.276893
vt 0.090232 0.297129
vt 0.071052 0.320500
vt 0.046625 0.296073
vt 0.043145 0.227734
vt 0.014214 0.236510
vt 0.114027 0.313029
vt 0.099775 0.339692
vt 0.037562 0.199666
vt 0.007474 0.202629
vt 0.140466 0.323980
vt 0.131690 0.352912
vt 0.037562 0.171048
vt 0.007474 0.168084
vt 0.168534 0.329563
vt 0.165571 0.359651
vt 0.043145 0.142980
vt 0.014214 0.134203
vt 0.197152 0.329563
vt 0.200116 0.359651
vt 0.054097 0.116540
vt 0.027433 0.102288
vt 0.225221 0.323980
vt 0.233997 0.352912
vt 0.069996 0.092745
vt 0.046625 0.073565
vt 0.251660 0.313029
vt 0.265912 0.339692
vt 0.090232 0.072509
vt 0.071052 0.049139
vt 0.275455 0.297129
vt 0.294635 0.320500
vt 0.114027 0.056610
vt 0.099775 0.029947
vt 0.295691 0.276893
vt 0.319061 0.296073
vt 0.140466 0.045658
vt 0.131690 0.016727
vt 0.311590 0.253098
vt 0.338253 0.267350
vt 0.168534 0.040075
vt 0.165571 0.009988
vt 0.322542 0.226659
vt 0.351473 0.235435
vt 0.197152 0.040075
vt 0.200116 0.009988
vt 0.328125 0.198591
vt 0.358213 0.201554
vt 0.225220 0.045658
vt 0.233997 0.016727
vt 0.328125 0.169973
vt 0.358213 0.167010
vt 0.251660 0.056610
vt 0.265912 0.029947
vt 0.322542 0.141905
vt 0.351473 0.133129
vt 0.275455 0.072509
vt 0.294635 0.049139
vt 0.311590 0.115465
vt 0.338253 0.101213
vt 0.295691 0.092745
vt 0.319061 0.073565
vt 0.295691 0.091670
vt 0.319061 0.072491
vt 0.311590 0.116540
vt 0.338253 0.102288
vt 0.275455 0.071434
vt 0.294635 0.048064
vt 0.322542 0.142980
vt 0.351473 0.134203
vt 0.251660 0.055535
vt 0.265912 0.028872
vt 0.328125 0.171048
vt 0.358213 0.168084
vt 0.225220 0.044583
vt 0.233997 0.015652
vt 0.328125 0.199666
vt 0.358213 0.202629
vt 0.197152 0.039000
vt 0.200116 0.008913
vt 0.322542 0.227734
vt 0.351473 0.236510
vt 0.168534 0.039000
vt 0.165571 0.008913
vt 0.311590 0.254173
vt 0.338253 0.268425
vt 0.140466 0.044583
vt 0.131690 0.015652
vt 0.295691 0.277968
vt 0.319061 0.297148
vt 0.114027 0.055535
vt 0.099775 0.028872
vt 0.275455 0.298204
vt 0.294635 0.321575
vt 0.090232 0.071434
vt 0.071052 0.048064
vt 0.251660 0.314104
vt 0.265912 0.340767
vt 0.069996 0.091670
vt 0.046625 0.072491
vt 0.225221 0.325055
vt 0.233997 0.353986
vt 0.054097 0.115465
vt 0.027433 0.101213
vt 0.197152 0.330638
vt 0.200116 0.360726
vt 0.043145 0.141905
vt 0.014214 0.133129
vt 0.168534 0.330638
vt 0.165571 0.360726
vt 0.037562 0.169973
vt 0.007474 0.167010
vt 0.140466 0.325055
vt 0.131690 0.353986
vt 0.037562 0.198591
vt 0.007474 0.201554
vt 0.114027 0.314104
vt 0.099775 0.340767
vt 0.043145 0.226659
vt 0.014214 0.235435
vt 0.090232 0.298204
vt 0.071052 0.321575
vt 0.054097 0.253098
vt 0.027433 0.267350
vt 0.793285 0.357732
vt 0.793285 0.381588
vt 0.764029 0.381598
vt 0.764029 0.357741
vt 0.793285 0.503388
vt 0.793285 0.521647
vt 0.764029 0.521657
vt 0.764029 0.503398
vt 0.958253 0.064087
vt 0.958253 0.086134
vt 0.928997 0.086144
vt 0.928997 0.064097
vt 0.793285 0.357732
vt 0.793285 0.336261
vt 0.822540 0.336271
vt 0.822540 0.357741
vt 0.793285 0.503388
vt 0.793285 0.481918
vt 0.822540 0.481928
vt 0.822540 0.503398
vt 0.879030 0.107423
vt 0.879030 0.084944
vt 0.908285 0.084954
vt 0.908285 0.107433
vt 0.793285 0.336261
vt 0.764029 0.336271
vt 0.793285 0.481918
vt 0.764029 0.481928
vt 0.958253 0.108614
vt 0.928997 0.108623
vt 0.793285 0.318002
vt 0.822540 0.318012
vt 0.793285 0.458062
vt 0.822540 0.458071
vt 0.879030 0.129471
vt 0.908285 0.129480
vt 0.793285 0.318002
vt 0.764029 0.318012
vt 0.793285 0.458062
vt 0.764029 0.458071
vt 0.958253 0.130661
vt 0.928997 0.130671
vt 0.851796 0.503388
vt 0.851796 0.481918
vt 0.881052 0.481919
vt 0.881052 0.503389
vt 0.793285 0.432736
vt 0.822540 0.432745
vt 0.879030 0.150239
vt 0.908285 0.150249
vt 0.693565 0.486181
vt 0.693565 0.507651
vt 0.664309 0.507652
vt 0.664309 0.486182
vt 0.793285 0.432736
vt 0.764029 0.432745
vt 0.958253 0.151430
vt 0.928997 0.151439
vt 0.851796 0.458062
vt 0.881052 0.458063
vt 0.793285 0.406914
vt 0.822540 0.406923
vt 0.879030 0.168930
vt 0.908285 0.168940
vt 0.693565 0.462325
vt 0.664309 0.462326
vt 0.793285 0.406914
vt 0.764029 0.406923
vt 0.958253 0.170120
vt 0.928997 0.170130
vt 0.851796 0.432736
vt 0.881052 0.432737
vt 0.879030 0.184825
vt 0.908285 0.184835
vt 0.693565 0.436999
vt 0.664309 0.437000
vt 0.958253 0.186016
vt 0.928997 0.186025
vt 0.851796 0.406914
vt 0.881052 0.406915
vt 0.925850 0.043725
vt 0.925850 0.025034
vt 0.955106 0.025035
vt 0.955106 0.043726
vt 0.693565 0.411177
vt 0.664309 0.411178
vt 0.964220 0.029140
vt 0.964220 0.047831
vt 0.934965 0.047832
vt 0.934965 0.029141
vt 0.851796 0.381588
vt 0.881052 0.381589
vt 0.925850 0.064493
vt 0.955106 0.064494
vt 0.693565 0.385851
vt 0.664309 0.385852
vt 0.964220 0.068599
vt 0.934965 0.068600
vt 0.851796 0.357732
vt 0.881052 0.357733
vt 0.925850 0.086540
vt 0.955106 0.086541
vt 0.693565 0.361995
vt 0.664309 0.361996
vt 0.964220 0.090647
vt 0.934965 0.090648
vt 0.851796 0.336261
vt 0.881052 0.336262
vt 0.925850 0.109020
vt 0.955106 0.109021
vt 0.693565 0.340524
vt 0.664309 0.340525
vt 0.964220 0.113126
vt 0.934965 0.113127
vt 0.851796 0.318002
vt 0.881052 0.318003
vt 0.925850 0.131067
vt 0.955106 0.131068
vt 0.693565 0.322266
vt 0.664309 0.322267
vt 0.964220 0.135173
vt 0.934965 0.135174
vt 0.822540 0.503398
vt 0.822540 0.485139
vt 0.851796 0.485129
vt 0.925850 0.151835
vt 0.955106 0.151836
vt 0.469165 0.813751
vt 0.469165 0.832010
vt 0.439910 0.832000
vt 0.439910 0.813741
vt 0.964220 0.155942
vt 0.934965 0.155943
vt 0.822540 0.463669
vt 0.851796 0.463659
vt 0.896594 0.124925
vt 0.896594 0.102445
vt 0.925850 0.102436
vt 0.925850 0.124915
vt 0.925850 0.170526
vt 0.955106 0.170527
vt 0.469165 0.792281
vt 0.439910 0.792271
vt 0.959716 0.099326
vt 0.959716 0.121806
vt 0.930460 0.121796
vt 0.930460 0.099317
vt 0.964220 0.174632
vt 0.934965 0.174633
vt 0.822540 0.439812
vt 0.851796 0.439803
vt 0.896594 0.146972
vt 0.925850 0.146962
vt 0.925850 0.186421
vt 0.955106 0.186422
vt 0.066185 0.787241
vt 0.066185 0.809721
vt 0.049216 0.811392
vt 0.049216 0.785570
vt 0.148760 0.906131
vt 0.170807 0.910516
vt 0.169136 0.927485
vt 0.143810 0.922448
vt 0.070570 0.765194
vt 0.054253 0.760244
vt 0.193286 0.910516
vt 0.194958 0.927485
vt 0.079173 0.744426
vt 0.064135 0.736388
vt 0.215334 0.906131
vt 0.220284 0.922448
vt 0.091662 0.725735
vt 0.078481 0.714917
vt 0.236102 0.897528
vt 0.244140 0.912566
vt 0.107557 0.709839
vt 0.096740 0.696658
vt 0.254793 0.885039
vt 0.265610 0.898220
vt 0.126248 0.697350
vt 0.118210 0.682313
vt 0.270688 0.869144
vt 0.283869 0.879961
vt 0.147016 0.688748
vt 0.142066 0.672431
vt 0.283177 0.850453
vt 0.298215 0.858491
vt 0.169064 0.684362
vt 0.167392 0.667393
vt 0.291780 0.829685
vt 0.308097 0.834635
vt 0.191543 0.684362
vt 0.193214 0.667393
vt 0.296165 0.807638
vt 0.313134 0.809309
vt 0.213590 0.688748
vt 0.218540 0.672431
vt 0.296165 0.785158
vt 0.313134 0.783487
vt 0.234359 0.697350
vt 0.242396 0.682313
vt 0.291780 0.763111
vt 0.308097 0.758161
vt 0.253049 0.709839
vt 0.263867 0.696658
vt 0.283177 0.742342
vt 0.298215 0.734305
vt 0.268945 0.725735
vt 0.282126 0.714917
vt 0.270688 0.723652
vt 0.283869 0.712834
vt 0.281434 0.744426
vt 0.296472 0.736388
vt 0.254793 0.707756
vt 0.265610 0.694575
vt 0.290036 0.765194
vt 0.306353 0.760244
vt 0.236102 0.695267
vt 0.244140 0.680230
vt 0.294422 0.787241
vt 0.311391 0.785570
vt 0.215334 0.686665
vt 0.220283 0.670348
vt 0.294422 0.809721
vt 0.311391 0.811392
vt 0.193286 0.682279
vt 0.194958 0.665310
vt 0.290036 0.831768
vt 0.306353 0.836718
vt 0.170807 0.682279
vt 0.169136 0.665310
vt 0.281434 0.852536
vt 0.296472 0.860574
vt 0.148760 0.686665
vt 0.143810 0.670348
vt 0.268945 0.871227
vt 0.282126 0.882044
vt 0.127991 0.695267
vt 0.119953 0.680230
vt 0.253049 0.887122
vt 0.263867 0.900303
vt 0.109300 0.707756
vt 0.098483 0.694575
vt 0.234359 0.899611
vt 0.242397 0.914649
vt 0.093405 0.723652
vt 0.080224 0.712834
vt 0.213590 0.908214
vt 0.218540 0.924531
vt 0.080916 0.742343
vt 0.065878 0.734305
vt 0.191543 0.912599
vt 0.193214 0.929568
vt 0.072314 0.763111
vt 0.055997 0.758161
vt 0.169064 0.912599
vt 0.167392 0.929568
vt 0.067928 0.785158
vt 0.050959 0.783487
vt 0.147016 0.908214
vt 0.142066 0.924531
vt 0.067928 0.807638
vt 0.050959 0.809309
vt 0.126248 0.899611
vt 0.118210 0.914649
vt 0.072314 0.829685
vt 0.055997 0.834635
vt 0.107557 0.887122
vt 0.096740 0.900303
vt 0.080916 0.850453
vt 0.065878 0.858491
vt 0.091662 0.871227
vt 0.078481 0.882044
vt 0.093405 0.869144
vt 0.080224 0.879961
vt 0.079173 0.852536
vt 0.064135 0.860574
vt 0.109300 0.885039
vt 0.098483 0.898220
vt 0.070570 0.831768
vt 0.054253 0.836718
vt 0.127991 0.897528
vt 0.119953 0.912566
vt 0.879030 0.062897
vt 0.908285 0.062906
vt 0.793285 0.521647
vt 0.822540 0.521657
vt 0.793285 0.381588
vt 0.822540 0.381598
vt 0.958253 0.043319
vt 0.928997 0.043328
vt 0.722821 0.322267
vt 0.722821 0.343737
vt 0.693565 0.343736
vt 0.693565 0.322266
vt 0.879030 0.042128
vt 0.908285 0.042138
vt 0.881052 0.339474
vt 0.910307 0.318002
vt 0.910307 0.339473
vt 0.958253 0.024628
vt 0.928997 0.024638
vt 0.722821 0.367593
vt 0.693565 0.367592
vt 0.879030 0.023437
vt 0.908285 0.023447
vt 0.881052 0.363330
vt 0.910307 0.363329
vt 0.931322 0.037152
vt 0.931322 0.021257
vt 0.960577 0.021258
vt 0.960577 0.037153
vt 0.722821 0.392919
vt 0.693565 0.392918
vt 0.937541 0.184826
vt 0.937541 0.168931
vt 0.966797 0.168930
vt 0.966797 0.184825
vt 0.881052 0.388656
vt 0.910307 0.388655
vt 0.931322 0.055843
vt 0.960577 0.055844
vt 0.722821 0.418741
vt 0.693565 0.418740
vt 0.937541 0.150240
vt 0.966797 0.150239
vt 0.881052 0.414478
vt 0.910307 0.414477
vt 0.931322 0.076612
vt 0.960577 0.076612
vt 0.722821 0.444067
vt 0.693565 0.444066
vt 0.937541 0.129472
vt 0.966797 0.129471
vt 0.881052 0.439804
vt 0.910307 0.439803
vt 0.931322 0.098659
vt 0.960577 0.098660
vt 0.722821 0.467923
vt 0.693565 0.467922
vt 0.937541 0.107424
vt 0.966797 0.107423
vt 0.881052 0.463660
vt 0.910307 0.463659
vt 0.931322 0.121138
vt 0.960577 0.121139
vt 0.722821 0.489393
vt 0.693565 0.489393
vt 0.937541 0.084945
vt 0.966797 0.084944
vt 0.881052 0.485130
vt 0.910307 0.485129
vt 0.931322 0.143186
vt 0.960577 0.143187
vt 0.469165 0.646624
vt 0.469165 0.668094
vt 0.439910 0.668084
vt 0.439910 0.646614
vt 0.937541 0.062898
vt 0.966797 0.062897
vt 0.822540 0.339482
vt 0.822540 0.318012
vt 0.851796 0.339473
vt 0.959716 0.077279
vt 0.930460 0.077269
vt 0.931322 0.163954
vt 0.960577 0.163955
vt 0.469165 0.691951
vt 0.439910 0.691941
vt 0.896594 0.080398
vt 0.925850 0.080388
vt 0.937541 0.042129
vt 0.966797 0.042128
vt 0.822540 0.363339
vt 0.851796 0.363329
vt 0.959716 0.056511
vt 0.930460 0.056501
vt 0.931322 0.182645
vt 0.960577 0.182646
vt 0.469165 0.717276
vt 0.439910 0.717267
vt 0.896594 0.059630
vt 0.925850 0.059620
vt 0.937541 0.023438
vt 0.966797 0.023437
vt 0.822540 0.388665
vt 0.851796 0.388655
vt 0.959716 0.037820
vt 0.930460 0.037810
vt 0.959716 0.164621
vt 0.959716 0.183312
vt 0.930460 0.183303
vt 0.930460 0.164612
vt 0.469165 0.743098
vt 0.439910 0.743089
vt 0.896595 0.040939
vt 0.925850 0.040929
vt 0.896594 0.186431
vt 0.896594 0.167740
vt 0.925850 0.167731
vt 0.925850 0.186422
vt 0.822540 0.414487
vt 0.851796 0.414477
vt 0.959716 0.021925
vt 0.930460 0.021915
vt 0.959716 0.143853
vt 0.930460 0.143844
vt 0.469165 0.768424
vt 0.439910 0.768415
vt 0.896595 0.025043
vt 0.925850 0.025034
vt 0.964220 0.190528
vt 0.934965 0.190529
s 0
usemtl Material.004
f 1261/2561/282 1264/2562/282 1263/2563/282 1262/2564/282
f 1262/2564/283 1263/2563/283 1266/2565/283 1265/2566/283
f 1265/2566/284 1266/2565/284 1268/2567/284 1267/2568/284
f 1267/2568/285 1268/2567/285 1270/2569/285 1269/2570/285
f 1269/2571/286 1270/2572/286 1272/2573/286 1271/2574/286
f 1271/2574/287 1272/2573/287 1274/2575/287 1273/2576/287
f 1273/2576/288 1274/2575/288 1276/2577/288 1275/2578/288
f 1275/2578/289 1276/2577/289 1278/2579/289 1277/2580/289
f 1277/2580/290 1278/2579/290 1280/2581/290 1279/2582/290
f 1279/2582/291 1280/2581/291 1282/2583/291 1281/2584/291
f 1281/2584/292 1282/2583/292 1284/2585/292 1283/2586/292
f 1283/2586/293 1284/2585/293 1286/2587/293 1285/2588/293
f 1285/2588/294 1286/2587/294 1288/2589/294 1287/2590/294
f 1287/2570/295 1288/2569/295 1290/2591/295 1289/2592/295
f 1289/2592/296 1290/2591/296 1292/2593/296 1291/2594/296
f 1291/2594/297 1292/2593/297 1294/2595/297 1293/2596/297
f 1293/2596/298 1294/2595/298 1296/2597/298 1295/2598/298
f 1295/2598/299 1296/2597/299 1298/2599/299 1297/2600/299
f 1297/2600/300 1298/2599/300 1300/2601/300 1299/2602/300
f 1299/2602/301 1300/2601/301 1302/2603/301 1301/2604/301
f 1301/2604/302 1302/2603/302 1304/2605/302 1303/2606/302
f 1303/2607/303 1304/2608/303 1306/2609/303 1305/2610/303
f 1305/2610/304 1306/2609/304 1308/2611/304 1307/2612/304
f 1307/2612/305 1308/2611/305 1310/2613/305 1309/2614/305
f 1309/2614/306 1310/2613/306 1312/2615/306 1311/2616/306
f 1311/2616/307 1312/2615/307 1314/2617/307 1313/2618/307
f 1313/2618/308 1314/2617/308 1316/2619/308 1315/2620/308
f 1315/2620/309 1316/2619/309 1318/2621/309 1317/2622/309
f 1317/2623/310 1318/2624/310 1320/2625/310 1319/2626/310
f 1319/2626/311 1320/2625/311 1322/2627/311 1321/2628/311
f 1200/2629/312 1198/2630/312 1260/2631/312 1258/2632/312 1256/2633/312 1254/2634/312 1252/2635/312 1250/2636/312 1248/2637/312 1246/2638/312 1244/2639/312 1242/2640/312 1240/2641/312 1238/2642/312 1236/2643/312 1234/2644/312 1232/2645/312 1230/2646/312 1228/2647/312 1226/2648/312 1224/2649/312 1222/2650/312 1220/2651/312 1218/2652/312 1216/2653/312 1214/2654/312 1212/2655/312 1210/2656/312 1208/2657/312 1206/2658/312 1204/2659/312 1202/2660/312
f 1321/2628/313 1322/2627/313 1324/2661/313 1323/2662/313
f 1323/2662/314 1324/2661/314 1264/2562/314 1261/2561/314
f 1197/2663/315 1199/2664/315 1201/2665/315 1203/2666/315 1205/2667/315 1207/2668/315 1209/2669/315 1211/2670/315 1213/2671/315 1215/2672/315 1217/2673/315 1219/2674/315 1221/2675/315 1223/2676/315 1225/2677/315 1227/2678/315 1229/2679/315 1231/2680/315 1233/2681/315 1235/2682/315 1237/2683/315 1239/2684/315 1241/2685/315 1243/2686/315 1245/2687/315 1247/2688/315 1249/2689/315 1251/2690/315 1253/2691/315 1255/2692/315 1257/2693/315 1259/2694/315
f 1326/2695/315 1325/2696/315 1261/2697/315 1262/2698/315
f 1328/2699/312 1327/2700/312 1263/2701/312 1264/2702/312
f 1329/2703/315 1326/2695/315 1262/2698/315 1265/2704/315
f 1327/2700/312 1330/2705/312 1266/2706/312 1263/2701/312
f 1331/2707/315 1329/2703/315 1265/2704/315 1267/2708/315
f 1330/2705/312 1332/2709/312 1268/2710/312 1266/2706/312
f 1333/2711/315 1331/2707/315 1267/2708/315 1269/2712/315
f 1332/2709/312 1334/2713/312 1270/2714/312 1268/2710/312
f 1335/2715/315 1333/2711/315 1269/2712/315 1271/2716/315
f 1334/2713/312 1336/2717/312 1272/2718/312 1270/2714/312
f 1337/2719/315 1335/2715/315 1271/2716/315 1273/2720/315
f 1336/2717/312 1338/2721/312 1274/2722/312 1272/2718/312
f 1339/2723/315 1337/2719/315 1273/2720/315 1275/2724/315
f 1338/2721/312 1340/2725/312 1276/2726/312 1274/2722/312
f 1341/2727/315 1339/2723/315 1275/2724/315 1277/2728/315
f 1340/2725/312 1342/2729/312 1278/2730/312 1276/2726/312
f 1343/2731/315 1341/2727/315 1277/2728/315 1279/2732/315
f 1342/2729/312 1344/2733/312 1280/2734/312 1278/2730/312
f 1345/2735/315 1343/2731/315 1279/2732/315 1281/2736/315
f 1344/2733/312 1346/2737/312 1282/2738/312 1280/2734/312
f 1347/2739/315 1345/2735/315 1281/2736/315 1283/2740/315
f 1346/2737/312 1348/2741/312 1284/2742/312 1282/2738/312
f 1349/2743/315 1347/2739/315 1283/2740/315 1285/2744/315
f 1348/2741/312 1350/2745/312 1286/2746/312 1284/2742/312
f 1351/2747/315 1349/2743/315 1285/2744/315 1287/2748/315
f 1350/2745/312 1352/2749/312 1288/2750/312 1286/2746/312
f 1353/2751/315 1351/2747/315 1287/2748/315 1289/2752/315
f 1352/2749/312 1354/2753/312 1290/2754/312 1288/2750/312
f 1355/2755/315 1353/2751/315 1289/2752/315 1291/2756/315
f 1354/2753/312 1356/2757/312 1292/2758/312 1290/2754/312
f 1357/2759/315 1355/2755/315 1291/2756/315 1293/2760/315
f 1356/2757/312 1358/2761/312 1294/2762/312 1292/2758/312
f 1359/2763/315 1357/2759/315 1293/2760/315 1295/2764/315
f 1358/2761/312 1360/2765/312 1296/2766/312 1294/2762/312
f 1361/2767/315 1359/2763/315 1295/2764/315 1297/2768/315
f 1360/2765/312 1362/2769/312 1298/2770/312 1296/2766/312
f 1363/2771/315 1361/2767/315 1297/2768/315 1299/2772/315
f 1362/2769/312 1364/2773/312 1300/2774/312 1298/2770/312
f 1365/2775/315 1363/2771/315 1299/2772/315 1301/2776/315
f 1364/2773/312 1366/2777/312 1302/2778/312 1300/2774/312
f 1367/2779/315 1365/2775/315 1301/2776/315 1303/2780/315
f 1366/2777/312 1368/2781/312 1304/2782/312 1302/2778/312
f 1369/2783/315 1367/2779/315 1303/2780/315 1305/2784/315
f 1368/2781/312 1370/2785/312 1306/2786/312 1304/2782/312
f 1371/2787/315 1369/2783/315 1305/2784/315 1307/2788/315
f 1370/2785/312 1372/2789/312 1308/2790/312 1306/2786/312
f 1373/2791/315 1371/2787/315 1307/2788/315 1309/2792/315
f 1372/2789/312 1374/2793/312 1310/2794/312 1308/2790/312
f 1375/2795/315 1373/2791/315 1309/2792/315 1311/2796/315
f 1374/2793/312 1376/2797/312 1312/2798/312 1310/2794/312
f 1377/2799/315 1375/2795/315 1311/2796/315 1313/2800/315
f 1376/2797/312 1378/2801/312 1314/2802/312 1312/2798/312
f 1379/2803/315 1377/2799/315 1313/2800/315 1315/2804/315
f 1378/2801/312 1380/2805/312 1316/2806/312 1314/2802/312
f 1381/2807/315 1379/2803/315 1315/2804/315 1317/2808/315
f 1380/2805/312 1382/2809/312 1318/2810/312 1316/2806/312
f 1383/2811/315 1381/2807/315 1317/2808/315 1319/2812/315
f 1382/2809/312 1384/2813/312 1320/2814/312 1318/2810/312
f 1385/2815/315 1383/2811/315 1319/2812/315 1321/2816/315
f 1384/2813/312 1386/2817/312 1322/2818/312 1320/2814/312
f 1387/2819/315 1385/2815/315 1321/2816/315 1323/2820/315
f 1386/2817/312 1388/2821/312 1324/2822/312 1322/2818/312
f 1325/2696/315 1387/2819/315 1323/2820/315 1261/2697/315
f 1388/2821/312 1328/2699/312 1264/2702/312 1324/2822/312
f 1385/2823/316 1387/2824/316 1451/2825/316 1449/2826/316
f 1333/2827/317 1335/2828/317 1399/2829/317 1397/2830/317
f 1233/2831/318 1231/2832/318 1487/2833/318 1489/2834/318
f 1386/2835/319 1384/2836/319 1448/2837/319 1450/2838/319
f 1334/2839/320 1332/2840/320 1396/2841/320 1398/2842/320
f 1230/2843/321 1232/2844/321 1488/2845/321 1486/2846/321
f 1383/2847/322 1385/2823/322 1449/2826/322 1447/2848/322
f 1331/2849/323 1333/2827/323 1397/2830/323 1395/2850/323
f 1231/2832/324 1229/2851/324 1485/2852/324 1487/2833/324
f 1384/2836/325 1382/2853/325 1446/2854/325 1448/2837/325
f 1332/2840/326 1330/2855/326 1394/2856/326 1396/2841/326
f 1228/2857/327 1230/2843/327 1486/2846/327 1484/2858/327
f 1381/2859/328 1383/2847/328 1447/2848/328 1445/2860/328
f 1329/2861/329 1331/2849/329 1395/2850/329 1393/2862/329
f 1229/2851/330 1227/2863/330 1483/2864/330 1485/2852/330
f 1382/2865/331 1380/2866/331 1444/2867/331 1446/2868/331
f 1330/2855/332 1327/2869/332 1391/2870/332 1394/2856/332
f 1226/2871/333 1228/2857/333 1484/2858/333 1482/2872/333
f 1379/2873/334 1381/2874/334 1445/2875/334 1443/2876/334
f 1326/2877/318 1329/2861/318 1393/2862/318 1390/2878/318
f 1227/2863/316 1225/2879/316 1481/2880/316 1483/2864/316
f 1380/2866/335 1378/2881/335 1442/2882/335 1444/2867/335
f 1327/2869/321 1328/2883/321 1392/2884/321 1391/2870/321
f 1224/2885/319 1226/2871/319 1482/2872/319 1480/2886/319
f 1377/2887/336 1379/2873/336 1443/2876/336 1441/2888/336
f 1325/2889/324 1326/2877/324 1390/2878/324 1389/2890/324
f 1225/2879/322 1223/2891/322 1479/2892/322 1481/2880/322
f 1378/2881/337 1376/2893/337 1440/2894/337 1442/2882/337
f 1222/2895/325 1224/2885/325 1480/2886/325 1478/2896/325
f 1375/2897/338 1377/2887/338 1441/2888/338 1439/2898/338
f 1223/2891/328 1221/2899/328 1477/2900/328 1479/2892/328
f 1376/2893/339 1374/2901/339 1438/2902/339 1440/2894/339
f 1220/2903/331 1222/2904/331 1478/2905/331 1476/2906/331
f 1373/2907/340 1375/2897/340 1439/2898/340 1437/2908/340
f 1221/2909/334 1219/2910/334 1475/2911/334 1477/2912/334
f 1374/2901/341 1372/2913/341 1436/2914/341 1438/2902/341
f 1218/2915/335 1220/2903/335 1476/2906/335 1474/2916/335
f 1371/2917/342 1373/2907/342 1437/2908/342 1435/2918/342
f 1219/2910/336 1217/2919/336 1473/2920/336 1475/2911/336
f 1372/2913/343 1370/2921/343 1434/2922/343 1436/2914/343
f 1216/2923/337 1218/2915/337 1474/2916/337 1472/2924/337
f 1369/2925/344 1371/2917/344 1435/2918/344 1433/2926/344
f 1217/2919/338 1215/2927/338 1471/2928/338 1473/2920/338
f 1370/2921/345 1368/2929/345 1432/2930/345 1434/2922/345
f 1214/2931/339 1216/2923/339 1472/2924/339 1470/2932/339
f 1367/2933/346 1369/2925/346 1433/2926/346 1431/2934/346
f 1215/2927/340 1213/2935/340 1469/2936/340 1471/2928/340
f 1368/2929/347 1366/2937/347 1430/2938/347 1432/2930/347
f 1212/2939/341 1214/2931/341 1470/2932/341 1468/2940/341
f 1365/2941/348 1367/2933/348 1431/2934/348 1429/2942/348
f 1213/2935/342 1211/2943/342 1467/2944/342 1469/2936/342
f 1366/2945/349 1364/2946/349 1428/2947/349 1430/2865/349
f 1210/2948/343 1212/2939/343 1468/2940/343 1466/2949/343
f 1363/2950/350 1365/2951/350 1429/2952/350 1427/2953/350
f 1211/2943/344 1209/2954/344 1465/2955/344 1467/2944/344
f 1364/2946/351 1362/2956/351 1426/2957/351 1428/2947/351
f 1260/2958/352 1198/2959/352 1456/2960/352 1516/2961/352
f 1208/2962/345 1210/2948/345 1466/2949/345 1464/2963/345
f 1361/2964/353 1363/2950/353 1427/2953/353 1425/2965/353
f 1197/2966/354 1259/2967/354 1515/2968/354 1453/2969/354
f 1209/2954/346 1207/2970/346 1463/2971/346 1465/2955/346
f 1362/2956/355 1360/2972/355 1424/2973/355 1426/2957/355
f 1258/2974/356 1260/2958/356 1516/2961/356 1514/2975/356
f 1206/2976/347 1208/2962/347 1464/2963/347 1462/2977/347
f 1454/2978/315 1453/2979/315 1389/2980/315 1390/2981/315
f 1456/2982/312 1455/2983/312 1391/2984/312 1392/2985/312
f 1457/2986/315 1454/2978/315 1390/2981/315 1393/2987/315
f 1455/2983/312 1458/2988/312 1394/2989/312 1391/2984/312
f 1459/2990/315 1457/2986/315 1393/2987/315 1395/2991/315
f 1458/2988/312 1460/2992/312 1396/2993/312 1394/2989/312
f 1461/2994/315 1459/2990/315 1395/2991/315 1397/2995/315
f 1460/2992/312 1462/2996/312 1398/2997/312 1396/2993/312
f 1463/2998/315 1461/2994/315 1397/2995/315 1399/2999/315
f 1462/2996/312 1464/3000/312 1400/3001/312 1398/2997/312
f 1465/3002/315 1463/2998/315 1399/2999/315 1401/3003/315
f 1464/3000/312 1466/3004/312 1402/3005/312 1400/3001/312
f 1467/3006/315 1465/3002/315 1401/3003/315 1403/3007/315
f 1466/3004/312 1468/3008/312 1404/3009/312 1402/3005/312
f 1469/3010/315 1467/3006/315 1403/3007/315 1405/3011/315
f 1468/3008/312 1470/3012/312 1406/3013/312 1404/3009/312
f 1471/3014/315 1469/3010/315 1405/3011/315 1407/3015/315
f 1470/3012/312 1472/3016/312 1408/3017/312 1406/3013/312
f 1473/3018/315 1471/3014/315 1407/3015/315 1409/3019/315
f 1472/3016/312 1474/3020/312 1410/3021/312 1408/3017/312
f 1475/3022/315 1473/3018/315 1409/3019/315 1411/3023/315
f 1474/3020/312 1476/3024/312 1412/3025/312 1410/3021/312
f 1477/3026/315 1475/3022/315 1411/3023/315 1413/3027/315
f 1476/3024/312 1478/3028/312 1414/3029/312 1412/3025/312
f 1479/3030/315 1477/3026/315 1413/3027/315 1415/3031/315
f 1478/3028/312 1480/3032/312 1416/3033/312 1414/3029/312
f 1481/3034/315 1479/3030/315 1415/3031/315 1417/3035/315
f 1480/3032/312 1482/3036/312 1418/3037/312 1416/3033/312
f 1483/3038/315 1481/3034/315 1417/3035/315 1419/3039/315
f 1482/3036/312 1484/3040/312 1420/3041/312 1418/3037/312
f 1485/3042/315 1483/3038/315 1419/3039/315 1421/3043/315
f 1484/3040/312 1486/3044/312 1422/3045/312 1420/3041/312
f 1487/3046/315 1485/3042/315 1421/3043/315 1423/3047/315
f 1486/3044/312 1488/3048/312 1424/3049/312 1422/3045/312
f 1489/3050/315 1487/3046/315 1423/3047/315 1425/3051/315
f 1488/3048/312 1490/3052/312 1426/3053/312 1424/3049/312
f 1491/3054/315 1489/3050/315 1425/3051/315 1427/3055/315
f 1490/3052/312 1492/3056/312 1428/3057/312 1426/3053/312
f 1493/3058/315 1491/3054/315 1427/3055/315 1429/3059/315
f 1492/3056/312 1494/3060/312 1430/3061/312 1428/3057/312
f 1495/3062/315 1493/3058/315 1429/3059/315 1431/3063/315
f 1494/3060/312 1496/3064/312 1432/3065/312 1430/3061/312
f 1497/3066/315 1495/3062/315 1431/3063/315 1433/3067/315
f 1496/3064/312 1498/3068/312 1434/3069/312 1432/3065/312
f 1499/3070/315 1497/3066/315 1433/3067/315 1435/3071/315
f 1498/3068/312 1500/3072/312 1436/3073/312 1434/3069/312
f 1501/3074/315 1499/3070/315 1435/3071/315 1437/3075/315
f 1500/3072/312 1502/3076/312 1438/3077/312 1436/3073/312
f 1503/3078/315 1501/3074/315 1437/3075/315 1439/3079/315
f 1502/3076/312 1504/3080/312 1440/3081/312 1438/3077/312
f 1505/3082/315 1503/3078/315 1439/3079/315 1441/3083/315
f 1504/3080/312 1506/3084/312 1442/3085/312 1440/3081/312
f 1507/3086/315 1505/3082/315 1441/3083/315 1443/3087/315
f 1506/3084/312 1508/3088/312 1444/3089/312 1442/3085/312
f 1509/3090/315 1507/3086/315 1443/3087/315 1445/3091/315
f 1508/3088/312 1510/3092/312 1446/3093/312 1444/3089/312
f 1511/3094/315 1509/3090/315 1445/3091/315 1447/3095/315
f 1510/3092/312 1512/3096/312 1448/3097/312 1446/3093/312
f 1513/3098/315 1511/3094/315 1447/3095/315 1449/3099/315
f 1512/3096/312 1514/3100/312 1450/3101/312 1448/3097/312
f 1515/3102/315 1513/3098/315 1449/3099/315 1451/3103/315
f 1514/3100/312 1516/3104/312 1452/3105/312 1450/3101/312
f 1453/2979/315 1515/3102/315 1451/3103/315 1389/2980/315
f 1516/3104/312 1456/2982/312 1392/2985/312 1452/3105/312
f 1232/2844/332 1234/3106/332 1490/3107/332 1488/2845/332
f 1336/3108/357 1334/2839/357 1398/2842/357 1400/3109/357
f 1388/3110/333 1386/2835/333 1450/2838/333 1452/3111/333
f 1235/3112/329 1233/2831/329 1489/2834/329 1491/3113/329
f 1335/3114/358 1337/3115/358 1401/3116/358 1399/3117/358
f 1387/2824/330 1325/2889/330 1389/2890/330 1451/2825/330
f 1234/3106/326 1236/3118/326 1492/3119/326 1490/3107/326
f 1338/3120/359 1336/2938/359 1400/3121/359 1402/3122/359
f 1328/2883/327 1388/3110/327 1452/3111/327 1392/2884/327
f 1237/3123/323 1235/3112/323 1491/3113/323 1493/3124/323
f 1337/3115/360 1339/3125/360 1403/3126/360 1401/3116/360
f 1236/3118/320 1238/3127/320 1494/3128/320 1492/3119/320
f 1340/3129/361 1338/3120/361 1402/3122/361 1404/3130/361
f 1239/3131/317 1237/3132/317 1493/3133/317 1495/3134/317
f 1339/3125/362 1341/3135/362 1405/3136/362 1403/3126/362
f 1238/3137/357 1240/3138/357 1496/3139/357 1494/3140/357
f 1342/3141/363 1340/3129/363 1404/3130/363 1406/3142/363
f 1241/3143/358 1239/3131/358 1495/3134/358 1497/3144/358
f 1341/3135/364 1343/3145/364 1407/3146/364 1405/3136/364
f 1240/3138/359 1242/3147/359 1498/3148/359 1496/3139/359
f 1344/3149/365 1342/3141/365 1406/3142/365 1408/3150/365
f 1243/3151/360 1241/3143/360 1497/3144/360 1499/3152/360
f 1343/3145/366 1345/3153/366 1409/3154/366 1407/3146/366
f 1242/3147/361 1244/3155/361 1500/3156/361 1498/3148/361
f 1346/3157/367 1344/3149/367 1408/3150/367 1410/3158/367
f 1245/3159/362 1243/3151/362 1499/3152/362 1501/3160/362
f 1345/3153/368 1347/3161/368 1411/3162/368 1409/3154/368
f 1244/3155/363 1246/3163/363 1502/3164/363 1500/3156/363
f 1348/3165/369 1346/3157/369 1410/3158/369 1412/3166/369
f 1247/3167/364 1245/3159/364 1501/3160/364 1503/3168/364
f 1347/3161/370 1349/3169/370 1413/3170/370 1411/3162/370
f 1246/3163/365 1248/3171/365 1504/3172/365 1502/3164/365
f 1350/3173/371 1348/3165/371 1412/3166/371 1414/3174/371
f 1249/3175/366 1247/3167/366 1503/3168/366 1505/3176/366
f 1349/3177/372 1351/3178/372 1415/3179/372 1413/3180/372
f 1248/3171/367 1250/3181/367 1506/3182/367 1504/3172/367
f 1352/3183/373 1350/3184/373 1414/2937/373 1416/3185/373
f 1199/3186/374 1197/2966/374 1453/2969/374 1454/3187/374
f 1251/3188/368 1249/3175/368 1505/3176/368 1507/3189/368
f 1351/3178/375 1353/3190/375 1417/3191/375 1415/3179/375
f 1198/2959/376 1200/3192/376 1455/3193/376 1456/2960/376
f 1250/3181/369 1252/3194/369 1508/3195/369 1506/3182/369
f 1354/3196/377 1352/3183/377 1416/3185/377 1418/3197/377
f 1201/3198/378 1199/3186/378 1454/3187/378 1457/3199/378
f 1253/3200/370 1251/3188/370 1507/3189/370 1509/3201/370
f 1353/3190/379 1355/3202/379 1419/3203/379 1417/3191/379
f 1200/3192/355 1202/3204/355 1458/3205/355 1455/3193/355
f 1252/3194/371 1254/3206/371 1510/3207/371 1508/3195/371
f 1356/3208/356 1354/3196/356 1418/3197/356 1420/3209/356
f 1203/3210/353 1201/3198/353 1457/3199/353 1459/3211/353
f 1255/3212/372 1253/3213/372 1509/3214/372 1511/3215/372
f 1355/3202/354 1357/3216/354 1421/3217/354 1419/3203/354
f 1202/3204/351 1204/3218/351 1460/3219/351 1458/3205/351
f 1254/3220/373 1256/3221/373 1512/3222/373 1510/3223/373
f 1358/3224/352 1356/3208/352 1420/3209/352 1422/3225/352
f 1205/3226/350 1203/3210/350 1459/3211/350 1461/3227/350
f 1257/3228/375 1255/3212/375 1511/3215/375 1513/3229/375
f 1357/3216/374 1359/3230/374 1423/3231/374 1421/3217/374
f 1204/3218/349 1206/3232/349 1462/3233/349 1460/3219/349
f 1256/3221/377 1258/2974/377 1514/2975/377 1512/3222/377
f 1360/2972/376 1358/3224/376 1422/3225/376 1424/2973/376
f 1207/2970/348 1205/3234/348 1461/3235/348 1463/2971/348
f 1259/2967/379 1257/3228/379 1513/3229/379 1515/2968/379
f 1359/3230/378 1361/2964/378 1425/2965/378 1423/3231/378
o Cylinder
v 0.877898 0.980189 1.151613
v 1.515568 0.980189 1.151613
v 0.877898 0.844192 1.165008
v 1.515568 0.844192 1.165008
v 0.877898 0.713421 1.204677
v 1.515568 0.713421 1.204677
v 0.877898 0.592902 1.269095
v 1.515568 0.592902 1.269095
v 0.877898 0.487266 1.355788
v 1.515568 0.487266 1.355788
v 0.877898 0.400573 1.461424
v 1.515568 0.400573 1.461424
v 0.877898 0.336154 1.581944
v 1.515568 0.336154 1.581944
v 0.877898 0.296485 1.712715
v 1.515568 0.296485 1.712715
v 0.877898 0.283091 1.848712
v 1.515568 0.283090 1.848712
v 0.877898 0.296485 1.984709
v 1.515568 0.296485 1.984709
v 0.877898 0.336154 2.115480
v 1.515568 0.336154 2.115480
v 0.877898 0.400573 2.235999
v 1.515568 0.400573 2.235999
v 0.877898 0.487266 2.341635
v 1.515568 0.487266 2.341635
v 0.877898 0.592902 2.428328
v 1.515568 0.592902 2.428328
v 0.877898 0.713421 2.492747
v 1.515568 0.713421 2.492747
v 0.877898 0.844192 2.532416
v 1.515568 0.844192 2.532416
v 0.877898 0.980189 2.545810
v 1.515568 0.980189 2.545810
v 0.877898 1.116186 2.532416
v 1.515568 1.116186 2.532416
v 0.877898 1.246957 2.492747
v 1.515568 1.246957 2.492747
v 0.877898 1.367476 2.428328
v 1.515568 1.367476 2.428328
v 0.877898 1.473112 2.341635
v 1.515568 1.473112 2.341635
v 0.877898 1.559806 2.235999
v 1.515568 1.559806 2.235999
v 0.877898 1.624224 2.115480
v 1.515568 1.624224 2.115480
v 0.877898 1.663893 1.984709
v 1.515568 1.663893 1.984709
v 0.877898 1.677288 1.848712
v 1.515568 1.677288 1.848712
v 0.877898 1.663893 1.712715
v 1.515568 1.663893 1.712715
v 0.877898 1.624224 1.581944
v 1.515568 1.624224 1.581944
v 0.877898 1.559806 1.461424
v 1.515568 1.559806 1.461424
v 0.877898 1.473112 1.355788
v 1.515568 1.473112 1.355788
v 0.877898 1.367476 1.269095
v 1.515568 1.367476 1.269095
v 0.877898 1.246957 1.204677
v 1.515568 1.246957 1.204677
v 0.877898 1.116186 1.165008
v 1.515568 1.116186 1.165008
v 0.877898 0.980189 0.882121
v 0.877898 0.791617 0.900693
v 1.515568 0.791617 0.900693
v 1.515568 0.980189 0.882121
v 0.877898 0.610291 0.955698
v 1.515568 0.610291 0.955698
v 0.877898 0.443180 1.045021
v 1.515568 0.443180 1.045021
v 0.877898 0.296706 1.165229
v 1.515568 0.296706 1.165229
v 0.877898 0.176498 1.311702
v 1.515568 0.176498 1.311702
v 0.877898 0.087176 1.478813
v 1.515568 0.087176 1.478813
v 0.877898 0.032171 1.660139
v 1.515568 0.032171 1.660139
v 0.877898 0.013598 1.848712
v 1.515568 0.013598 1.848712
v 0.877898 0.032171 2.037284
v 1.515568 0.032171 2.037284
v 0.877898 0.087176 2.218610
v 1.515568 0.087176 2.218610
v 0.877898 0.176498 2.385721
v 1.515568 0.176498 2.385721
v 0.877898 0.296706 2.532195
v 1.515568 0.296706 2.532195
v 0.877898 0.443180 2.652403
v 1.515568 0.443180 2.652403
v 0.877898 0.610291 2.741725
v 1.515568 0.610291 2.741725
v 0.877898 0.791617 2.796730
v 1.515568 0.791617 2.796730
v 0.877898 0.980189 2.815303
v 1.515568 0.980189 2.815303
v 0.877898 1.168762 2.796730
v 1.515568 1.168762 2.796730
v 0.877898 1.350088 2.741725
v 1.515568 1.350088 2.741725
v 0.877898 1.517198 2.652403
v 1.515568 1.517198 2.652403
v 0.877898 1.663672 2.532195
v 1.515568 1.663672 2.532195
v 0.877898 1.783880 2.385721
v 1.515568 1.783880 2.385721
v 0.877898 1.873203 2.218610
v 1.515568 1.873203 2.218610
v 0.877898 1.928207 2.037284
v 1.515568 1.928207 2.037284
v 0.877898 1.946780 1.848712
v 1.515568 1.946780 1.848712
v 0.877898 1.928207 1.660139
v 1.515568 1.928207 1.660139
v 0.877898 1.873203 1.478813
v 1.515568 1.873203 1.478813
v 0.877898 1.783880 1.311702
v 1.515568 1.783880 1.311702
v 0.877898 1.663672 1.165229
v 1.515568 1.663672 1.165229
v 0.877898 1.517198 1.045021
v 1.515568 1.517198 1.045021
v 0.877898 1.350088 0.955698
v 1.515568 1.350088 0.955698
v 0.877898 1.168762 0.900693
v 1.515568 1.168762 0.900693
v 0.877898 0.980189 1.047956
v 0.877898 0.823969 1.063342
v 1.515568 0.823969 1.063342
v 1.515568 0.980189 1.047956
v 0.877898 0.673753 1.108910
v 1.515568 0.673753 1.108910
v 0.877898 0.535313 1.182907
v 1.515568 0.535313 1.182907
v 0.877898 0.413969 1.282492
v 1.515568 0.413969 1.282492
v 0.877898 0.314385 1.403836
v 1.515568 0.314385 1.403836
v 0.877898 0.240387 1.542276
v 1.515568 0.240387 1.542276
v 0.877898 0.194820 1.692492
v 1.515568 0.194820 1.692492
v 0.877898 0.179433 1.848712
v 1.515568 0.179433 1.848712
v 0.877898 0.194820 2.004931
v 1.515568 0.194820 2.004931
v 0.877898 0.240387 2.155148
v 1.515568 0.240387 2.155148
v 0.877898 0.314385 2.293588
v 1.515568 0.314385 2.293588
v 0.877898 0.413969 2.414932
v 1.515568 0.413969 2.414932
v 0.877898 0.535313 2.514516
v 1.515568 0.535313 2.514516
v 0.877898 0.673753 2.588514
v 1.515568 0.673753 2.588514
v 0.877898 0.823969 2.634081
v 1.515568 0.823969 2.634081
v 0.877898 0.980189 2.649468
v 1.515568 0.980189 2.649468
v 0.877898 1.136409 2.634081
v 1.515568 1.136409 2.634081
v 0.877898 1.286625 2.588514
v 1.515568 1.286625 2.588514
v 0.877898 1.425065 2.514516
v 1.515568 1.425065 2.514516
v 0.877898 1.546409 2.414932
v 1.515568 1.546409 2.414932
v 0.877898 1.645993 2.293588
v 1.515568 1.645993 2.293588
v 0.877898 1.719991 2.155148
v 1.515568 1.719991 2.155148
v 0.877898 1.765559 2.004931
v 1.515568 1.765559 2.004931
v 0.877898 1.780945 1.848712
v 1.515568 1.780945 1.848712
v 0.877898 1.765559 1.692492
v 1.515568 1.765559 1.692492
v 0.877898 1.719991 1.542276
v 1.515568 1.719991 1.542276
v 0.877898 1.645993 1.403836
v 1.515568 1.645993 1.403836
v 0.877898 1.546409 1.282492
v 1.515568 1.546409 1.282492
v 0.877898 1.425065 1.182907
v 1.515568 1.425065 1.182907
v 0.877898 1.286625 1.108910
v 1.515568 1.286625 1.108910
v 0.877898 1.136409 1.063342
v 1.515568 1.136409 1.063342
v 0.936562 0.980130 1.047956
v 0.936562 0.823911 1.063342
v 1.456903 0.823911 1.063342
v 1.456903 0.980130 1.047956
v 0.936562 0.673694 1.108910
v 1.456903 0.673694 1.108910
v 0.936562 0.535254 1.182907
v 1.456903 0.535254 1.182907
v 0.936562 0.413910 1.282492
v 1.456903 0.413910 1.282492
v 0.936562 0.314326 1.403836
v 1.456903 0.314326 1.403836
v 0.936562 0.240328 1.542276
v 1.456903 0.240328 1.542276
v 0.936562 0.194761 1.692492
v 1.456903 0.194761 1.692492
v 0.936562 0.179374 1.848712
v 1.456903 0.179374 1.848712
v 0.936562 0.194761 2.004931
v 1.456903 0.194761 2.004931
v 0.936562 0.240328 2.155148
v 1.456903 0.240328 2.155148
v 0.936562 0.314326 2.293588
v 1.456903 0.314326 2.293588
v 0.936562 0.413910 2.414932
v 1.456903 0.413910 2.414932
v 0.936562 0.535254 2.514516
v 1.456903 0.535254 2.514516
v 0.936562 0.673694 2.588514
v 1.456903 0.673694 2.588514
v 0.936562 0.823911 2.634081
v 1.456903 0.823911 2.634081
v 0.936562 0.980130 2.649468
v 1.456903 0.980130 2.649468
v 0.936562 1.136350 2.634081
v 1.456903 1.136350 2.634081
v 0.936562 1.286566 2.588514
v 1.456903 1.286566 2.588514
v 0.936562 1.425007 2.514516
v 1.456903 1.425007 2.514516
v 0.936562 1.546350 2.414932
v 1.456903 1.546350 2.414932
v 0.936562 1.645935 2.293588
v 1.456903 1.645935 2.293588
v 0.936562 1.719932 2.155148
v 1.456903 1.719932 2.155148
v 0.936562 1.765500 2.004931
v 1.456903 1.765500 2.004931
v 0.936562 1.780886 1.848712
v 1.456903 1.780886 1.848712
v 0.936562 1.765500 1.692492
v 1.456903 1.765500 1.692492
v 0.936562 1.719932 1.542276
v 1.456903 1.719932 1.542276
v 0.936562 1.645935 1.403836
v 1.456903 1.645935 1.403836
v 0.936562 1.546350 1.282492
v 1.456903 1.546350 1.282492
v 0.936562 1.425007 1.182907
v 1.456903 1.425007 1.182907
v 0.936562 1.286566 1.108910
v 1.456903 1.286566 1.108910
v 0.936562 1.136350 1.063342
v 1.456903 1.136350 1.063342
v 0.936562 0.980130 1.151613
v 0.936562 0.844133 1.165008
v 1.456903 0.844133 1.165008
v 1.456903 0.980130 1.151613
v 0.936562 0.713362 1.204677
v 1.456903 0.713362 1.204677
v 0.936562 0.592843 1.269095
v 1.456903 0.592843 1.269095
v 0.936562 0.487207 1.355788
v 1.456903 0.487207 1.355788
v 0.936562 0.400514 1.461424
v 1.456903 0.400514 1.461424
v 0.936562 0.336095 1.581944
v 1.456903 0.336095 1.581944
v 0.936562 0.296426 1.712715
v 1.456903 0.296426 1.712715
v 0.936562 0.283032 1.848712
v 1.456903 0.283032 1.848712
v 0.936562 0.296426 1.984709
v 1.456903 0.296426 1.984709
v 0.936562 0.336095 2.115480
v 1.456903 0.336095 2.115480
v 0.936562 0.400514 2.235999
v 1.456903 0.400514 2.235999
v 0.936562 0.487207 2.341635
v 1.456903 0.487207 2.341635
v 0.936562 0.592843 2.428328
v 1.456903 0.592843 2.428328
v 0.936562 0.713362 2.492747
v 1.456903 0.713362 2.492747
v 0.936562 0.844133 2.532416
v 1.456903 0.844133 2.532416
v 0.936562 0.980130 2.545810
v 1.456903 0.980130 2.545810
v 0.936562 1.116128 2.532416
v 1.456903 1.116128 2.532416
v 0.936562 1.246899 2.492747
v 1.456903 1.246899 2.492747
v 0.936562 1.367418 2.428328
v 1.456903 1.367418 2.428328
v 0.936562 1.473054 2.341635
v 1.456903 1.473054 2.341635
v 0.936562 1.559747 2.235999
v 1.456903 1.559747 2.235999
v 0.936562 1.624166 2.115480
v 1.456903 1.624166 2.115480
v 0.936562 1.663834 1.984709
v 1.456903 1.663834 1.984709
v 0.936562 1.677229 1.848712
v 1.456903 1.677229 1.848712
v 0.936562 1.663834 1.712715
v 1.456903 1.663834 1.712715
v 0.936562 1.624166 1.581944
v 1.456903 1.624166 1.581944
v 0.936562 1.559747 1.461424
v 1.456903 1.559747 1.461424
v 0.936562 1.473054 1.355788
v 1.456903 1.473054 1.355788
v 0.936562 1.367418 1.269095
v 1.456903 1.367418 1.269095
v 0.936562 1.246899 1.204677
v 1.456903 1.246899 1.204677
v 0.936562 1.116128 1.165008
v 1.456903 1.116128 1.165008
vn -0.0000 -0.0980 -0.9952
vn -0.0000 -0.2903 -0.9569
vn -0.0000 -0.4714 -0.8819
vn -0.0000 -0.6344 -0.7730
vn -0.0000 -0.7730 -0.6344
vn -0.0000 -0.8819 -0.4714
vn -0.0000 -0.9569 -0.2903
vn -0.0000 -0.9952 -0.0980
vn -0.0000 -0.9952 0.0980
vn -0.0000 -0.9569 0.2903
vn -0.0000 -0.8819 0.4714
vn -0.0000 -0.7730 0.6344
vn -0.0000 -0.6344 0.7730
vn -0.0000 -0.4714 0.8819
vn -0.0000 -0.2903 0.9569
vn -0.0000 -0.0980 0.9952
vn -0.0000 0.0980 0.9952
vn -0.0000 0.2903 0.9569
vn -0.0000 0.4714 0.8819
vn -0.0000 0.6344 0.7730
vn -0.0000 0.7730 0.6344
vn -0.0000 0.8819 0.4714
vn -0.0000 0.9569 0.2903
vn -0.0000 0.9952 0.0980
vn -0.0000 0.9952 -0.0980
vn -0.0000 0.9569 -0.2903
vn -0.0000 0.8819 -0.4714
vn -0.0000 0.7730 -0.6344
vn -0.0000 0.6344 -0.7730
vn -0.0000 0.4714 -0.8819
vn 1.0000 -0.0000 -0.0000
vn -0.0000 0.2903 -0.9569
vn -0.0000 0.0980 -0.9952
vn -1.0000 -0.0000 -0.0000
vn -0.0003 -0.2903 0.9569
vn 0.0008 0.7730 0.6344
vn 0.0003 0.2903 0.9569
vn 0.0005 -0.4714 0.8819
vn -0.0006 0.6344 0.7730
vn -0.0001 0.0980 0.9952
vn -0.0005 -0.4714 0.8819
vn 0.0006 0.6344 0.7730
vn 0.0001 0.0980 0.9952
vn 0.0006 -0.6344 0.7730
vn -0.0005 0.4714 0.8819
vn 0.0001 -0.0980 0.9952
vn -0.0006 -0.6344 0.7730
vn 0.0005 0.4714 0.8819
vn -0.0001 -0.0980 0.9952
vn 0.0008 -0.7730 0.6344
vn -0.0003 0.2903 0.9569
vn 0.0003 -0.2903 0.9569
vn -0.0008 -0.7730 0.6344
vn 0.0009 -0.8819 0.4714
vn -0.0009 -0.8819 0.4714
vn 0.0010 -0.9569 0.2903
vn -0.0010 -0.9569 0.2903
vn 0.0010 -0.9952 0.0980
vn -0.0010 -0.9952 0.0980
vn 0.0010 -0.9952 -0.0980
vn -0.0010 -0.9952 -0.0980
vn 0.0010 -0.9569 -0.2903
vn -0.0010 -0.9569 -0.2903
vn 0.0009 -0.8819 -0.4714
vn -0.0009 -0.8819 -0.4714
vn 0.0008 -0.7730 -0.6344
vn -0.0008 -0.7730 -0.6344
vn 0.0006 -0.6344 -0.7730
vn -0.0006 -0.6344 -0.7730
vn 0.0005 -0.4714 -0.8819
vn -0.0001 0.0980 -0.9952
vn -0.0005 -0.4714 -0.8819
vn 0.0001 0.0980 -0.9952
vn 0.0003 -0.2903 -0.9569
vn -0.0003 0.2903 -0.9569
vn -0.0008 0.7730 0.6344
vn 0.0009 0.8819 0.4714
vn -0.0009 0.8819 0.4714
vn 0.0010 0.9569 0.2903
vn -0.0010 0.9569 0.2903
vn 0.0010 0.9952 0.0980
vn -0.0010 0.9952 0.0980
vn 0.0010 0.9952 -0.0980
vn -0.0010 0.9952 -0.0980
vn 0.0010 0.9569 -0.2903
vn -0.0010 0.9569 -0.2903
vn 0.0009 0.8819 -0.4714
vn -0.0009 0.8819 -0.4714
vn 0.0008 0.7730 -0.6344
vn -0.0008 0.7730 -0.6344
vn 0.0006 0.6344 -0.7730
vn -0.0006 0.6344 -0.7730
vn -0.0001 -0.0980 -0.9952
vn 0.0005 0.4714 -0.8819
vn 0.0001 -0.0980 -0.9952
vn -0.0005 0.4714 -0.8819
vn -0.0003 -0.2903 -0.9569
vn 0.0003 0.2903 -0.9569
vt 0.432925 0.636005
vt 0.432925 0.318002
vt 0.463496 0.318002
vt 0.463496 0.636005
vt 0.492293 0.318002
vt 0.492293 0.636005
vt 0.518210 0.318002
vt 0.518210 0.636005
vt 0.540250 0.318002
vt 0.540250 0.636005
vt 0.316471 0.637904
vt 0.316471 0.319902
vt 0.338511 0.319902
vt 0.338511 0.637904
vt 0.364428 0.319902
vt 0.364428 0.637904
vt 0.393225 0.319902
vt 0.393225 0.637904
vt 0.423796 0.319902
vt 0.423796 0.637904
vt 0.454966 0.319902
vt 0.454966 0.637904
vt 0.485536 0.319902
vt 0.485536 0.637904
vt 0.514333 0.319902
vt 0.514333 0.637904
vt 0.540250 0.319902
vt 0.540250 0.637904
vt 0.562290 0.319902
vt 0.562290 0.637904
vt 0.361922 0.318002
vt 0.361922 0.636005
vt 0.390719 0.318002
vt 0.390719 0.636005
vt 0.421290 0.318002
vt 0.421290 0.636005
vt 0.452459 0.318002
vt 0.452459 0.636005
vt 0.483030 0.318002
vt 0.483030 0.636005
vt 0.511827 0.318002
vt 0.511827 0.636005
vt 0.537744 0.318002
vt 0.537744 0.636005
vt 0.559784 0.318002
vt 0.559784 0.636005
vt 0.316471 0.637797
vt 0.316471 0.319794
vt 0.342388 0.319794
vt 0.342388 0.637797
vt 0.371185 0.319794
vt 0.371185 0.637797
vt 0.401756 0.319794
vt 0.401756 0.637797
vt 0.432925 0.319794
vt 0.432925 0.637797
vt 0.463496 0.319794
vt 0.463496 0.637797
vt 0.492293 0.319794
vt 0.492293 0.637797
vt 0.518210 0.319794
vt 0.518210 0.637797
vt 0.316471 0.636005
vt 0.316471 0.318002
vt 0.342388 0.318002
vt 0.342388 0.636005
vt 0.371185 0.318002
vt 0.371185 0.636005
vt 0.614037 0.806240
vt 0.606643 0.769072
vt 0.606643 0.731175
vt 0.614036 0.694007
vt 0.628539 0.658995
vt 0.649593 0.627485
vt 0.676390 0.600688
vt 0.707900 0.579633
vt 0.742912 0.565131
vt 0.780080 0.557738
vt 0.817977 0.557738
vt 0.855146 0.565131
vt 0.890158 0.579633
vt 0.921668 0.600687
vt 0.948465 0.627484
vt 0.969519 0.658994
vt 0.984021 0.694006
vt 0.991415 0.731175
vt 0.991415 0.769071
vt 0.984021 0.806240
vt 0.969519 0.841252
vt 0.948465 0.872762
vt 0.921668 0.899559
vt 0.890158 0.920613
vt 0.855146 0.935116
vt 0.817977 0.942509
vt 0.780081 0.942509
vt 0.742912 0.935116
vt 0.707900 0.920613
vt 0.676390 0.899559
vt 0.649593 0.872762
vt 0.628539 0.841252
vt 0.401756 0.318002
vt 0.401756 0.636005
vt 0.609753 0.769072
vt 0.609753 0.731175
vt 0.617146 0.694006
vt 0.631649 0.658994
vt 0.652703 0.627485
vt 0.679500 0.600688
vt 0.711010 0.579633
vt 0.746022 0.565131
vt 0.783190 0.557738
vt 0.821087 0.557738
vt 0.858256 0.565131
vt 0.893267 0.579633
vt 0.924777 0.600688
vt 0.951574 0.627485
vt 0.972629 0.658994
vt 0.987131 0.694006
vt 0.994524 0.731175
vt 0.994524 0.769072
vt 0.987131 0.806240
vt 0.972629 0.841252
vt 0.951574 0.872762
vt 0.924777 0.899559
vt 0.893268 0.920613
vt 0.858256 0.935116
vt 0.821087 0.942509
vt 0.783190 0.942509
vt 0.746022 0.935116
vt 0.711010 0.920613
vt 0.679500 0.899559
vt 0.652703 0.872762
vt 0.631649 0.841252
vt 0.617146 0.806240
vt 0.054097 0.254173
vt 0.069996 0.277968
vt 0.046625 0.297148
vt 0.027433 0.268425
vt 0.069996 0.276893
vt 0.090232 0.297129
vt 0.071052 0.320500
vt 0.046625 0.296073
vt 0.043145 0.227734
vt 0.014214 0.236510
vt 0.114027 0.313029
vt 0.099775 0.339692
vt 0.037562 0.199666
vt 0.007474 0.202629
vt 0.140466 0.323980
vt 0.131690 0.352912
vt 0.037562 0.171048
vt 0.007474 0.168084
vt 0.168534 0.329563
vt 0.165571 0.359651
vt 0.043145 0.142980
vt 0.014214 0.134203
vt 0.197152 0.329563
vt 0.200116 0.359651
vt 0.054097 0.116540
vt 0.027433 0.102288
vt 0.225221 0.323980
vt 0.233997 0.352912
vt 0.069996 0.092745
vt 0.046625 0.073565
vt 0.251660 0.313029
vt 0.265912 0.339692
vt 0.090232 0.072509
vt 0.071052 0.049139
vt 0.275455 0.297129
vt 0.294635 0.320500
vt 0.114027 0.056610
vt 0.099775 0.029947
vt 0.295691 0.276893
vt 0.319061 0.296073
vt 0.140466 0.045658
vt 0.131690 0.016727
vt 0.311590 0.253098
vt 0.338253 0.267350
vt 0.168534 0.040075
vt 0.165571 0.009988
vt 0.322542 0.226659
vt 0.351473 0.235435
vt 0.197152 0.040075
vt 0.200116 0.009988
vt 0.328125 0.198591
vt 0.358213 0.201554
vt 0.225220 0.045658
vt 0.233997 0.016727
vt 0.328125 0.169973
vt 0.358213 0.167010
vt 0.251660 0.056610
vt 0.265912 0.029947
vt 0.322542 0.141905
vt 0.351473 0.133129
vt 0.275455 0.072509
vt 0.294635 0.049139
vt 0.311590 0.115465
vt 0.338253 0.101213
vt 0.295691 0.092745
vt 0.319061 0.073565
vt 0.295691 0.091670
vt 0.319061 0.072491
vt 0.311590 0.116540
vt 0.338253 0.102288
vt 0.275455 0.071434
vt 0.294635 0.048064
vt 0.322542 0.142980
vt 0.351473 0.134203
vt 0.251660 0.055535
vt 0.265912 0.028872
vt 0.328125 0.171048
vt 0.358213 0.168084
vt 0.225220 0.044583
vt 0.233997 0.015652
vt 0.328125 0.199666
vt 0.358213 0.202629
vt 0.197152 0.039000
vt 0.200116 0.008913
vt 0.322542 0.227734
vt 0.351473 0.236510
vt 0.168534 0.039000
vt 0.165571 0.008913
vt 0.311590 0.254173
vt 0.338253 0.268425
vt 0.140466 0.044583
vt 0.131690 0.015652
vt 0.295691 0.277968
vt 0.319061 0.297148
vt 0.114027 0.055535
vt 0.099775 0.028872
vt 0.275455 0.298204
vt 0.294635 0.321575
vt 0.090232 0.071434
vt 0.071052 0.048064
vt 0.251660 0.314104
vt 0.265912 0.340767
vt 0.069996 0.091670
vt 0.046625 0.072491
vt 0.225221 0.325055
vt 0.233997 0.353986
vt 0.054097 0.115465
vt 0.027433 0.101213
vt 0.197152 0.330638
vt 0.200116 0.360726
vt 0.043145 0.141905
vt 0.014214 0.133129
vt 0.168534 0.330638
vt 0.165571 0.360726
vt 0.037562 0.169973
vt 0.007474 0.167010
vt 0.140466 0.325055
vt 0.131690 0.353986
vt 0.037562 0.198591
vt 0.007474 0.201554
vt 0.114027 0.314104
vt 0.099775 0.340767
vt 0.043145 0.226659
vt 0.014214 0.235435
vt 0.090232 0.298204
vt 0.071052 0.321575
vt 0.054097 0.253098
vt 0.027433 0.267350
vt 0.793285 0.357732
vt 0.793285 0.381588
vt 0.764029 0.381598
vt 0.764029 0.357741
vt 0.793285 0.503388
vt 0.793285 0.521647
vt 0.764029 0.521657
vt 0.764029 0.503398
vt 0.958253 0.064087
vt 0.958253 0.086134
vt 0.928997 0.086144
vt 0.928997 0.064097
vt 0.793285 0.357732
vt 0.793285 0.336261
vt 0.822540 0.336271
vt 0.822540 0.357741
vt 0.793285 0.503388
vt 0.793285 0.481918
vt 0.822540 0.481928
vt 0.822540 0.503398
vt 0.879030 0.107423
vt 0.879030 0.084944
vt 0.908285 0.084954
vt 0.908285 0.107433
vt 0.793285 0.336261
vt 0.764029 0.336271
vt 0.793285 0.481918
vt 0.764029 0.481928
vt 0.958253 0.108614
vt 0.928997 0.108623
vt 0.793285 0.318002
vt 0.822540 0.318012
vt 0.793285 0.458062
vt 0.822540 0.458071
vt 0.879030 0.129471
vt 0.908285 0.129480
vt 0.793285 0.318002
vt 0.764029 0.318012
vt 0.793285 0.458062
vt 0.764029 0.458071
vt 0.958253 0.130661
vt 0.928997 0.130671
vt 0.851796 0.503388
vt 0.851796 0.481918
vt 0.881052 0.481919
vt 0.881052 0.503389
vt 0.793285 0.432736
vt 0.822540 0.432745
vt 0.879030 0.150239
vt 0.908285 0.150249
vt 0.693565 0.486181
vt 0.693565 0.507651
vt 0.664309 0.507652
vt 0.664309 0.486182
vt 0.793285 0.432736
vt 0.764029 0.432745
vt 0.958253 0.151430
vt 0.928997 0.151439
vt 0.851796 0.458062
vt 0.881052 0.458063
vt 0.793285 0.406914
vt 0.822540 0.406923
vt 0.879030 0.168930
vt 0.908285 0.168940
vt 0.693565 0.462325
vt 0.664309 0.462326
vt 0.793285 0.406914
vt 0.764029 0.406923
vt 0.958253 0.170120
vt 0.928997 0.170130
vt 0.851796 0.432736
vt 0.881052 0.432737
vt 0.879030 0.184825
vt 0.908285 0.184835
vt 0.693565 0.436999
vt 0.664309 0.437000
vt 0.958253 0.186016
vt 0.928997 0.186025
vt 0.851796 0.406914
vt 0.881052 0.406915
vt 0.925850 0.043725
vt 0.925850 0.025034
vt 0.955106 0.025035
vt 0.955106 0.043726
vt 0.693565 0.411177
vt 0.664309 0.411178
vt 0.964220 0.029140
vt 0.964220 0.047831
vt 0.934965 0.047832
vt 0.934965 0.029141
vt 0.851796 0.381588
vt 0.881052 0.381589
vt 0.925850 0.064493
vt 0.955106 0.064494
vt 0.693565 0.385851
vt 0.664309 0.385852
vt 0.964220 0.068599
vt 0.934965 0.068600
vt 0.851796 0.357732
vt 0.881052 0.357733
vt 0.925850 0.086540
vt 0.955106 0.086541
vt 0.693565 0.361995
vt 0.664309 0.361996
vt 0.964220 0.090647
vt 0.934965 0.090648
vt 0.851796 0.336261
vt 0.881052 0.336262
vt 0.925850 0.109020
vt 0.955106 0.109021
vt 0.693565 0.340524
vt 0.664309 0.340525
vt 0.964220 0.113126
vt 0.934965 0.113127
vt 0.851796 0.318002
vt 0.881052 0.318003
vt 0.925850 0.131067
vt 0.955106 0.131068
vt 0.693565 0.322266
vt 0.664309 0.322267
vt 0.964220 0.135173
vt 0.934965 0.135174
vt 0.822540 0.503398
vt 0.822540 0.485139
vt 0.851796 0.485129
vt 0.925850 0.151835
vt 0.955106 0.151836
vt 0.469165 0.813751
vt 0.469165 0.832010
vt 0.439910 0.832000
vt 0.439910 0.813741
vt 0.964220 0.155942
vt 0.934965 0.155943
vt 0.822540 0.463669
vt 0.851796 0.463659
vt 0.896594 0.124925
vt 0.896594 0.102445
vt 0.925850 0.102436
vt 0.925850 0.124915
vt 0.925850 0.170526
vt 0.955106 0.170527
vt 0.469165 0.792281
vt 0.439910 0.792271
vt 0.959716 0.099326
vt 0.959716 0.121806
vt 0.930460 0.121796
vt 0.930460 0.099317
vt 0.964220 0.174632
vt 0.934965 0.174633
vt 0.822540 0.439812
vt 0.851796 0.439803
vt 0.896594 0.146972
vt 0.925850 0.146962
vt 0.925850 0.186421
vt 0.955106 0.186422
vt 0.066185 0.787241
vt 0.066185 0.809721
vt 0.049216 0.811392
vt 0.049216 0.785570
vt 0.148760 0.906131
vt 0.170807 0.910516
vt 0.169136 0.927485
vt 0.143810 0.922448
vt 0.070570 0.765194
vt 0.054253 0.760244
vt 0.193286 0.910516
vt 0.194958 0.927485
vt 0.079173 0.744426
vt 0.064135 0.736388
vt 0.215334 0.906131
vt 0.220284 0.922448
vt 0.091662 0.725735
vt 0.078481 0.714917
vt 0.236102 0.897528
vt 0.244140 0.912566
vt 0.107557 0.709839
vt 0.096740 0.696658
vt 0.254793 0.885039
vt 0.265610 0.898220
vt 0.126248 0.697350
vt 0.118210 0.682313
vt 0.270688 0.869144
vt 0.283869 0.879961
vt 0.147016 0.688748
vt 0.142066 0.672431
vt 0.283177 0.850453
vt 0.298215 0.858491
vt 0.169064 0.684362
vt 0.167392 0.667393
vt 0.291780 0.829685
vt 0.308097 0.834635
vt 0.191543 0.684362
vt 0.193214 0.667393
vt 0.296165 0.807638
vt 0.313134 0.809309
vt 0.213590 0.688748
vt 0.218540 0.672431
vt 0.296165 0.785158
vt 0.313134 0.783487
vt 0.234359 0.697350
vt 0.242396 0.682313
vt 0.291780 0.763111
vt 0.308097 0.758161
vt 0.253049 0.709839
vt 0.263867 0.696658
vt 0.283177 0.742342
vt 0.298215 0.734305
vt 0.268945 0.725735
vt 0.282126 0.714917
vt 0.270688 0.723652
vt 0.283869 0.712834
vt 0.281434 0.744426
vt 0.296472 0.736388
vt 0.254793 0.707756
vt 0.265610 0.694575
vt 0.290036 0.765194
vt 0.306353 0.760244
vt 0.236102 0.695267
vt 0.244140 0.680230
vt 0.294422 0.787241
vt 0.311391 0.785570
vt 0.215334 0.686665
vt 0.220283 0.670348
vt 0.294422 0.809721
vt 0.311391 0.811392
vt 0.193286 0.682279
vt 0.194958 0.665310
vt 0.290036 0.831768
vt 0.306353 0.836718
vt 0.170807 0.682279
vt 0.169136 0.665310
vt 0.281434 0.852536
vt 0.296472 0.860574
vt 0.148760 0.686665
vt 0.143810 0.670348
vt 0.268945 0.871227
vt 0.282126 0.882044
vt 0.127991 0.695267
vt 0.119953 0.680230
vt 0.253049 0.887122
vt 0.263867 0.900303
vt 0.109300 0.707756
vt 0.098483 0.694575
vt 0.234359 0.899611
vt 0.242397 0.914649
vt 0.093405 0.723652
vt 0.080224 0.712834
vt 0.213590 0.908214
vt 0.218540 0.924531
vt 0.080916 0.742343
vt 0.065878 0.734305
vt 0.191543 0.912599
vt 0.193214 0.929568
vt 0.072314 0.763111
vt 0.055997 0.758161
vt 0.169064 0.912599
vt 0.167392 0.929568
vt 0.067928 0.785158
vt 0.050959 0.783487
vt 0.147016 0.908214
vt 0.142066 0.924531
vt 0.067928 0.807638
vt 0.050959 0.809309
vt 0.126248 0.899611
vt 0.118210 0.914649
vt 0.072314 0.829685
vt 0.055997 0.834635
vt 0.107557 0.887122
vt 0.096740 0.900303
vt 0.080916 0.850453
vt 0.065878 0.858491
vt 0.091662 0.871227
vt 0.078481 0.882044
vt 0.093405 0.869144
vt 0.080224 0.879961
vt 0.079173 0.852536
vt 0.064135 0.860574
vt 0.109300 0.885039
vt 0.098483 0.898220
vt 0.070570 0.831768
vt 0.054253 0.836718
vt 0.127991 0.897528
vt 0.119953 0.912566
vt 0.879030 0.062897
vt 0.908285 0.062906
vt 0.793285 0.521647
vt 0.822540 0.521657
vt 0.793285 0.381588
vt 0.822540 0.381598
vt 0.958253 0.043319
vt 0.928997 0.043328
vt 0.722821 0.322267
vt 0.722821 0.343737
vt 0.693565 0.343736
vt 0.693565 0.322266
vt 0.879030 0.042128
vt 0.908285 0.042138
vt 0.881052 0.339474
vt 0.910307 0.318002
vt 0.910307 0.339473
vt 0.958253 0.024628
vt 0.928997 0.024638
vt 0.722821 0.367593
vt 0.693565 0.367592
vt 0.879030 0.023437
vt 0.908285 0.023447
vt 0.881052 0.363330
vt 0.910307 0.363329
vt 0.931322 0.037152
vt 0.931322 0.021257
vt 0.960577 0.021258
vt 0.960577 0.037153
vt 0.722821 0.392919
vt 0.693565 0.392918
vt 0.937541 0.184826
vt 0.937541 0.168931
vt 0.966797 0.168930
vt 0.966797 0.184825
vt 0.881052 0.388656
vt 0.910307 0.388655
vt 0.931322 0.055843
vt 0.960577 0.055844
vt 0.722821 0.418741
vt 0.693565 0.418740
vt 0.937541 0.150240
vt 0.966797 0.150239
vt 0.881052 0.414478
vt 0.910307 0.414477
vt 0.931322 0.076612
vt 0.960577 0.076612
vt 0.722821 0.444067
vt 0.693565 0.444066
vt 0.937541 0.129472
vt 0.966797 0.129471
vt 0.881052 0.439804
vt 0.910307 0.439803
vt 0.931322 0.098659
vt 0.960577 0.098660
vt 0.722821 0.467923
vt 0.693565 0.467922
vt 0.937541 0.107424
vt 0.966797 0.107423
vt 0.881052 0.463660
vt 0.910307 0.463659
vt 0.931322 0.121138
vt 0.960577 0.121139
vt 0.722821 0.489393
vt 0.693565 0.489393
vt 0.937541 0.084945
vt 0.966797 0.084944
vt 0.881052 0.485130
vt 0.910307 0.485129
vt 0.931322 0.143186
vt 0.960577 0.143187
vt 0.469165 0.646624
vt 0.469165 0.668094
vt 0.439910 0.668084
vt 0.439910 0.646614
vt 0.937541 0.062898
vt 0.966797 0.062897
vt 0.822540 0.339482
vt 0.822540 0.318012
vt 0.851796 0.339473
vt 0.959716 0.077279
vt 0.930460 0.077269
vt 0.931322 0.163954
vt 0.960577 0.163955
vt 0.469165 0.691951
vt 0.439910 0.691941
vt 0.896594 0.080398
vt 0.925850 0.080388
vt 0.937541 0.042129
vt 0.966797 0.042128
vt 0.822540 0.363339
vt 0.851796 0.363329
vt 0.959716 0.056511
vt 0.930460 0.056501
vt 0.931322 0.182645
vt 0.960577 0.182646
vt 0.469165 0.717276
vt 0.439910 0.717267
vt 0.896594 0.059630
vt 0.925850 0.059620
vt 0.937541 0.023438
vt 0.966797 0.023437
vt 0.822540 0.388665
vt 0.851796 0.388655
vt 0.959716 0.037820
vt 0.930460 0.037810
vt 0.959716 0.164621
vt 0.959716 0.183312
vt 0.930460 0.183303
vt 0.930460 0.164612
vt 0.469165 0.743098
vt 0.439910 0.743089
vt 0.896595 0.040939
vt 0.925850 0.040929
vt 0.896594 0.186431
vt 0.896594 0.167740
vt 0.925850 0.167731
vt 0.925850 0.186422
vt 0.822540 0.414487
vt 0.851796 0.414477
vt 0.959716 0.021925
vt 0.930460 0.021915
vt 0.959716 0.143853
vt 0.930460 0.143844
vt 0.469165 0.768424
vt 0.439910 0.768415
vt 0.896595 0.025043
vt 0.925850 0.025034
vt 0.964220 0.190528
vt 0.934965 0.190529
s 0
usemtl Material.004
f 1581/3236/380 1584/3237/380 1583/3238/380 1582/3239/380
f 1582/3239/381 1583/3238/381 1586/3240/381 1585/3241/381
f 1585/3241/382 1586/3240/382 1588/3242/382 1587/3243/382
f 1587/3243/383 1588/3242/383 1590/3244/383 1589/3245/383
f 1589/3246/384 1590/3247/384 1592/3248/384 1591/3249/384
f 1591/3249/385 1592/3248/385 1594/3250/385 1593/3251/385
f 1593/3251/386 1594/3250/386 1596/3252/386 1595/3253/386
f 1595/3253/387 1596/3252/387 1598/3254/387 1597/3255/387
f 1597/3255/388 1598/3254/388 1600/3256/388 1599/3257/388
f 1599/3257/389 1600/3256/389 1602/3258/389 1601/3259/389
f 1601/3259/390 1602/3258/390 1604/3260/390 1603/3261/390
f 1603/3261/391 1604/3260/391 1606/3262/391 1605/3263/391
f 1605/3263/392 1606/3262/392 1608/3264/392 1607/3265/392
f 1607/3245/393 1608/3244/393 1610/3266/393 1609/3267/393
f 1609/3267/394 1610/3266/394 1612/3268/394 1611/3269/394
f 1611/3269/395 1612/3268/395 1614/3270/395 1613/3271/395
f 1613/3271/396 1614/3270/396 1616/3272/396 1615/3273/396
f 1615/3273/397 1616/3272/397 1618/3274/397 1617/3275/397
f 1617/3275/398 1618/3274/398 1620/3276/398 1619/3277/398
f 1619/3277/399 1620/3276/399 1622/3278/399 1621/3279/399
f 1621/3279/400 1622/3278/400 1624/3280/400 1623/3281/400
f 1623/3282/401 1624/3283/401 1626/3284/401 1625/3285/401
f 1625/3285/402 1626/3284/402 1628/3286/402 1627/3287/402
f 1627/3287/403 1628/3286/403 1630/3288/403 1629/3289/403
f 1629/3289/404 1630/3288/404 1632/3290/404 1631/3291/404
f 1631/3291/405 1632/3290/405 1634/3292/405 1633/3293/405
f 1633/3293/406 1634/3292/406 1636/3294/406 1635/3295/406
f 1635/3295/407 1636/3294/407 1638/3296/407 1637/3297/407
f 1637/3298/408 1638/3299/408 1640/3300/408 1639/3301/408
f 1639/3301/409 1640/3300/409 1642/3302/409 1641/3303/409
f 1520/3304/410 1518/3305/410 1580/3306/410 1578/3307/410 1576/3308/410 1574/3309/410 1572/3310/410 1570/3311/410 1568/3312/410 1566/3313/410 1564/3314/410 1562/3315/410 1560/3316/410 1558/3317/410 1556/3318/410 1554/3319/410 1552/3320/410 1550/3321/410 1548/3322/410 1546/3323/410 1544/3324/410 1542/3325/410 1540/3326/410 1538/3327/410 1536/3328/410 1534/3329/410 1532/3330/410 1530/3331/410 1528/3332/410 1526/3333/410 1524/3334/410 1522/3335/410
f 1641/3303/411 1642/3302/411 1644/3336/411 1643/3337/411
f 1643/3337/412 1644/3336/412 1584/3237/412 1581/3236/412
f 1517/3338/413 1519/3339/413 1521/3340/413 1523/3341/413 1525/3342/413 1527/3343/413 1529/3344/413 1531/3345/413 1533/3346/413 1535/3347/413 1537/3348/413 1539/3349/413 1541/3350/413 1543/3351/413 1545/3352/413 1547/3353/413 1549/3354/413 1551/3355/413 1553/3356/413 1555/3357/413 1557/3358/413 1559/3359/413 1561/3360/413 1563/3361/413 1565/3362/413 1567/3363/413 1569/3364/413 1571/3365/413 1573/3366/413 1575/3367/413 1577/3368/413 1579/3369/413
f 1646/3370/413 1645/3371/413 1581/3372/413 1582/3373/413
f 1648/3374/410 1647/3375/410 1583/3376/410 1584/3377/410
f 1649/3378/413 1646/3370/413 1582/3373/413 1585/3379/413
f 1647/3375/410 1650/3380/410 1586/3381/410 1583/3376/410
f 1651/3382/413 1649/3378/413 1585/3379/413 1587/3383/413
f 1650/3380/410 1652/3384/410 1588/3385/410 1586/3381/410
f 1653/3386/413 1651/3382/413 1587/3383/413 1589/3387/413
f 1652/3384/410 1654/3388/410 1590/3389/410 1588/3385/410
f 1655/3390/413 1653/3386/413 1589/3387/413 1591/3391/413
f 1654/3388/410 1656/3392/410 1592/3393/410 1590/3389/410
f 1657/3394/413 1655/3390/413 1591/3391/413 1593/3395/413
f 1656/3392/410 1658/3396/410 1594/3397/410 1592/3393/410
f 1659/3398/413 1657/3394/413 1593/3395/413 1595/3399/413
f 1658/3396/410 1660/3400/410 1596/3401/410 1594/3397/410
f 1661/3402/413 1659/3398/413 1595/3399/413 1597/3403/413
f 1660/3400/410 1662/3404/410 1598/3405/410 1596/3401/410
f 1663/3406/413 1661/3402/413 1597/3403/413 1599/3407/413
f 1662/3404/410 1664/3408/410 1600/3409/410 1598/3405/410
f 1665/3410/413 1663/3406/413 1599/3407/413 1601/3411/413
f 1664/3408/410 1666/3412/410 1602/3413/410 1600/3409/410
f 1667/3414/413 1665/3410/413 1601/3411/413 1603/3415/413
f 1666/3412/410 1668/3416/410 1604/3417/410 1602/3413/410
f 1669/3418/413 1667/3414/413 1603/3415/413 1605/3419/413
f 1668/3416/410 1670/3420/410 1606/3421/410 1604/3417/410
f 1671/3422/413 1669/3418/413 1605/3419/413 1607/3423/413
f 1670/3420/410 1672/3424/410 1608/3425/410 1606/3421/410
f 1673/3426/413 1671/3422/413 1607/3423/413 1609/3427/413
f 1672/3424/410 1674/3428/410 1610/3429/410 1608/3425/410
f 1675/3430/413 1673/3426/413 1609/3427/413 1611/3431/413
f 1674/3428/410 1676/3432/410 1612/3433/410 1610/3429/410
f 1677/3434/413 1675/3430/413 1611/3431/413 1613/3435/413
f 1676/3432/410 1678/3436/410 1614/3437/410 1612/3433/410
f 1679/3438/413 1677/3434/413 1613/3435/413 1615/3439/413
f 1678/3436/410 1680/3440/410 1616/3441/410 1614/3437/410
f 1681/3442/413 1679/3438/413 1615/3439/413 1617/3443/413
f 1680/3440/410 1682/3444/410 1618/3445/410 1616/3441/410
f 1683/3446/413 1681/3442/413 1617/3443/413 1619/3447/413
f 1682/3444/410 1684/3448/410 1620/3449/410 1618/3445/410
f 1685/3450/413 1683/3446/413 1619/3447/413 1621/3451/413
f 1684/3448/410 1686/3452/410 1622/3453/410 1620/3449/410
f 1687/3454/413 1685/3450/413 1621/3451/413 1623/3455/413
f 1686/3452/410 1688/3456/410 1624/3457/410 1622/3453/410
f 1689/3458/413 1687/3454/413 1623/3455/413 1625/3459/413
f 1688/3456/410 1690/3460/410 1626/3461/410 1624/3457/410
f 1691/3462/413 1689/3458/413 1625/3459/413 1627/3463/413
f 1690/3460/410 1692/3464/410 1628/3465/410 1626/3461/410
f 1693/3466/413 1691/3462/413 1627/3463/413 1629/3467/413
f 1692/3464/410 1694/3468/410 1630/3469/410 1628/3465/410
f 1695/3470/413 1693/3466/413 1629/3467/413 1631/3471/413
f 1694/3468/410 1696/3472/410 1632/3473/410 1630/3469/410
f 1697/3474/413 1695/3470/413 1631/3471/413 1633/3475/413
f 1696/3472/410 1698/3476/410 1634/3477/410 1632/3473/410
f 1699/3478/413 1697/3474/413 1633/3475/413 1635/3479/413
f 1698/3476/410 1700/3480/410 1636/3481/410 1634/3477/410
f 1701/3482/413 1699/3478/413 1635/3479/413 1637/3483/413
f 1700/3480/410 1702/3484/410 1638/3485/410 1636/3481/410
f 1703/3486/413 1701/3482/413 1637/3483/413 1639/3487/413
f 1702/3484/410 1704/3488/410 1640/3489/410 1638/3485/410
f 1705/3490/413 1703/3486/413 1639/3487/413 1641/3491/413
f 1704/3488/410 1706/3492/410 1642/3493/410 1640/3489/410
f 1707/3494/413 1705/3490/413 1641/3491/413 1643/3495/413
f 1706/3492/410 1708/3496/410 1644/3497/410 1642/3493/410
f 1645/3371/413 1707/3494/413 1643/3495/413 1581/3372/413
f 1708/3496/410 1648/3374/410 1584/3377/410 1644/3497/410
f 1705/3498/414 1707/3499/414 1771/3500/414 1769/3501/414
f 1653/3502/415 1655/3503/415 1719/3504/415 1717/3505/415
f 1553/3506/416 1551/3507/416 1807/3508/416 1809/3509/416
f 1706/3510/417 1704/3511/417 1768/3512/417 1770/3513/417
f 1654/3514/418 1652/3515/418 1716/3516/418 1718/3517/418
f 1550/3518/419 1552/3519/419 1808/3520/419 1806/3521/419
f 1703/3522/420 1705/3498/420 1769/3501/420 1767/3523/420
f 1651/3524/421 1653/3502/421 1717/3505/421 1715/3525/421
f 1551/3507/422 1549/3526/422 1805/3527/422 1807/3508/422
f 1704/3511/423 1702/3528/423 1766/3529/423 1768/3512/423
f 1652/3515/424 1650/3530/424 1714/3531/424 1716/3516/424
f 1548/3532/425 1550/3518/425 1806/3521/425 1804/3533/425
f 1701/3534/426 1703/3522/426 1767/3523/426 1765/3535/426
f 1649/3536/427 1651/3524/427 1715/3525/427 1713/3537/427
f 1549/3526/428 1547/3538/428 1803/3539/428 1805/3527/428
f 1702/3540/429 1700/3541/429 1764/3542/429 1766/3543/429
f 1650/3530/430 1647/3544/430 1711/3545/430 1714/3531/430
f 1546/3546/431 1548/3532/431 1804/3533/431 1802/3547/431
f 1699/3548/432 1701/3549/432 1765/3550/432 1763/3551/432
f 1646/3552/416 1649/3536/416 1713/3537/416 1710/3553/416
f 1547/3538/414 1545/3554/414 1801/3555/414 1803/3539/414
f 1700/3541/433 1698/3556/433 1762/3557/433 1764/3542/433
f 1647/3544/419 1648/3558/419 1712/3559/419 1711/3545/419
f 1544/3560/417 1546/3546/417 1802/3547/417 1800/3561/417
f 1697/3562/434 1699/3548/434 1763/3551/434 1761/3563/434
f 1645/3564/422 1646/3552/422 1710/3553/422 1709/3565/422
f 1545/3554/420 1543/3566/420 1799/3567/420 1801/3555/420
f 1698/3556/435 1696/3568/435 1760/3569/435 1762/3557/435
f 1542/3570/423 1544/3560/423 1800/3561/423 1798/3571/423
f 1695/3572/436 1697/3562/436 1761/3563/436 1759/3573/436
f 1543/3566/426 1541/3574/426 1797/3575/426 1799/3567/426
f 1696/3568/437 1694/3576/437 1758/3577/437 1760/3569/437
f 1540/3578/429 1542/3579/429 1798/3580/429 1796/3581/429
f 1693/3582/438 1695/3572/438 1759/3573/438 1757/3583/438
f 1541/3584/432 1539/3585/432 1795/3586/432 1797/3587/432
f 1694/3576/439 1692/3588/439 1756/3589/439 1758/3577/439
f 1538/3590/433 1540/3578/433 1796/3581/433 1794/3591/433
f 1691/3592/440 1693/3582/440 1757/3583/440 1755/3593/440
f 1539/3585/434 1537/3594/434 1793/3595/434 1795/3586/434
f 1692/3588/441 1690/3596/441 1754/3597/441 1756/3589/441
f 1536/3598/435 1538/3590/435 1794/3591/435 1792/3599/435
f 1689/3600/442 1691/3592/442 1755/3593/442 1753/3601/442
f 1537/3594/436 1535/3602/436 1791/3603/436 1793/3595/436
f 1690/3596/443 1688/3604/443 1752/3605/443 1754/3597/443
f 1534/3606/437 1536/3598/437 1792/3599/437 1790/3607/437
f 1687/3608/444 1689/3600/444 1753/3601/444 1751/3609/444
f 1535/3602/438 1533/3610/438 1789/3611/438 1791/3603/438
f 1688/3604/445 1686/3612/445 1750/3613/445 1752/3605/445
f 1532/3614/439 1534/3606/439 1790/3607/439 1788/3615/439
f 1685/3616/446 1687/3608/446 1751/3609/446 1749/3617/446
f 1533/3610/440 1531/3618/440 1787/3619/440 1789/3611/440
f 1686/3620/447 1684/3621/447 1748/3622/447 1750/3540/447
f 1530/3623/441 1532/3614/441 1788/3615/441 1786/3624/441
f 1683/3625/448 1685/3626/448 1749/3627/448 1747/3628/448
f 1531/3618/442 1529/3629/442 1785/3630/442 1787/3619/442
f 1684/3621/449 1682/3631/449 1746/3632/449 1748/3622/449
f 1580/3633/450 1518/3634/450 1776/3635/450 1836/3636/450
f 1528/3637/443 1530/3623/443 1786/3624/443 1784/3638/443
f 1681/3639/451 1683/3625/451 1747/3628/451 1745/3640/451
f 1517/3641/452 1579/3642/452 1835/3643/452 1773/3644/452
f 1529/3629/444 1527/3645/444 1783/3646/444 1785/3630/444
f 1682/3631/453 1680/3647/453 1744/3648/453 1746/3632/453
f 1578/3649/454 1580/3633/454 1836/3636/454 1834/3650/454
f 1526/3651/445 1528/3637/445 1784/3638/445 1782/3652/445
f 1774/3653/413 1773/3654/413 1709/3655/413 1710/3656/413
f 1776/3657/410 1775/3658/410 1711/3659/410 1712/3660/410
f 1777/3661/413 1774/3653/413 1710/3656/413 1713/3662/413
f 1775/3658/410 1778/3663/410 1714/3664/410 1711/3659/410
f 1779/3665/413 1777/3661/413 1713/3662/413 1715/3666/413
f 1778/3663/410 1780/3667/410 1716/3668/410 1714/3664/410
f 1781/3669/413 1779/3665/413 1715/3666/413 1717/3670/413
f 1780/3667/410 1782/3671/410 1718/3672/410 1716/3668/410
f 1783/3673/413 1781/3669/413 1717/3670/413 1719/3674/413
f 1782/3671/410 1784/3675/410 1720/3676/410 1718/3672/410
f 1785/3677/413 1783/3673/413 1719/3674/413 1721/3678/413
f 1784/3675/410 1786/3679/410 1722/3680/410 1720/3676/410
f 1787/3681/413 1785/3677/413 1721/3678/413 1723/3682/413
f 1786/3679/410 1788/3683/410 1724/3684/410 1722/3680/410
f 1789/3685/413 1787/3681/413 1723/3682/413 1725/3686/413
f 1788/3683/410 1790/3687/410 1726/3688/410 1724/3684/410
f 1791/3689/413 1789/3685/413 1725/3686/413 1727/3690/413
f 1790/3687/410 1792/3691/410 1728/3692/410 1726/3688/410
f 1793/3693/413 1791/3689/413 1727/3690/413 1729/3694/413
f 1792/3691/410 1794/3695/410 1730/3696/410 1728/3692/410
f 1795/3697/413 1793/3693/413 1729/3694/413 1731/3698/413
f 1794/3695/410 1796/3699/410 1732/3700/410 1730/3696/410
f 1797/3701/413 1795/3697/413 1731/3698/413 1733/3702/413
f 1796/3699/410 1798/3703/410 1734/3704/410 1732/3700/410
f 1799/3705/413 1797/3701/413 1733/3702/413 1735/3706/413
f 1798/3703/410 1800/3707/410 1736/3708/410 1734/3704/410
f 1801/3709/413 1799/3705/413 1735/3706/413 1737/3710/413
f 1800/3707/410 1802/3711/410 1738/3712/410 1736/3708/410
f 1803/3713/413 1801/3709/413 1737/3710/413 1739/3714/413
f 1802/3711/410 1804/3715/410 1740/3716/410 1738/3712/410
f 1805/3717/413 1803/3713/413 1739/3714/413 1741/3718/413
f 1804/3715/410 1806/3719/410 1742/3720/410 1740/3716/410
f 1807/3721/413 1805/3717/413 1741/3718/413 1743/3722/413
f 1806/3719/410 1808/3723/410 1744/3724/410 1742/3720/410
f 1809/3725/413 1807/3721/413 1743/3722/413 1745/3726/413
f 1808/3723/410 1810/3727/410 1746/3728/410 1744/3724/410
f 1811/3729/413 1809/3725/413 1745/3726/413 1747/3730/413
f 1810/3727/410 1812/3731/410 1748/3732/410 1746/3728/410
f 1813/3733/413 1811/3729/413 1747/3730/413 1749/3734/413
f 1812/3731/410 1814/3735/410 1750/3736/410 1748/3732/410
f 1815/3737/413 1813/3733/413 1749/3734/413 1751/3738/413
f 1814/3735/410 1816/3739/410 1752/3740/410 1750/3736/410
f 1817/3741/413 1815/3737/413 1751/3738/413 1753/3742/413
f 1816/3739/410 1818/3743/410 1754/3744/410 1752/3740/410
f 1819/3745/413 1817/3741/413 1753/3742/413 1755/3746/413
f 1818/3743/410 1820/3747/410 1756/3748/410 1754/3744/410
f 1821/3749/413 1819/3745/413 1755/3746/413 1757/3750/413
f 1820/3747/410 1822/3751/410 1758/3752/410 1756/3748/410
f 1823/3753/413 1821/3749/413 1757/3750/413 1759/3754/413
f 1822/3751/410 1824/3755/410 1760/3756/410 1758/3752/410
f 1825/3757/413 1823/3753/413 1759/3754/413 1761/3758/413
f 1824/3755/410 1826/3759/410 1762/3760/410 1760/3756/410
f 1827/3761/413 1825/3757/413 1761/3758/413 1763/3762/413
f 1826/3759/410 1828/3763/410 1764/3764/410 1762/3760/410
f 1829/3765/413 1827/3761/413 1763/3762/413 1765/3766/413
f 1828/3763/410 1830/3767/410 1766/3768/410 1764/3764/410
f 1831/3769/413 1829/3765/413 1765/3766/413 1767/3770/413
f 1830/3767/410 1832/3771/410 1768/3772/410 1766/3768/410
f 1833/3773/413 1831/3769/413 1767/3770/413 1769/3774/413
f 1832/3771/410 1834/3775/410 1770/3776/410 1768/3772/410
f 1835/3777/413 1833/3773/413 1769/3774/413 1771/3778/413
f 1834/3775/410 1836/3779/410 1772/3780/410 1770/3776/410
f 1773/3654/413 1835/3777/413 1771/3778/413 1709/3655/413
f 1836/3779/410 1776/3657/410 1712/3660/410 1772/3780/410
f 1552/3519/430 1554/3781/430 1810/3782/430 1808/3520/430
f 1656/3783/455 1654/3514/455 1718/3517/455 1720/3784/455
f 1708/3785/431 1706/3510/431 1770/3513/431 1772/3786/431
f 1555/3787/427 1553/3506/427 1809/3509/427 1811/3788/427
f 1655/3789/456 1657/3790/456 1721/3791/456 1719/3792/456
f 1707/3499/428 1645/3564/428 1709/3565/428 1771/3500/428
f 1554/3781/424 1556/3793/424 1812/3794/424 1810/3782/424
f 1658/3795/457 1656/3613/457 1720/3796/457 1722/3797/457
f 1648/3558/425 1708/3785/425 1772/3786/425 1712/3559/425
f 1557/3798/421 1555/3787/421 1811/3788/421 1813/3799/421
f 1657/3790/458 1659/3800/458 1723/3801/458 1721/3791/458
f 1556/3793/418 1558/3802/418 1814/3803/418 1812/3794/418
f 1660/3804/459 1658/3795/459 1722/3797/459 1724/3805/459
f 1559/3806/415 1557/3807/415 1813/3808/415 1815/3809/415
f 1659/3800/460 1661/3810/460 1725/3811/460 1723/3801/460
f 1558/3812/455 1560/3813/455 1816/3814/455 1814/3815/455
f 1662/3816/461 1660/3804/461 1724/3805/461 1726/3817/461
f 1561/3818/456 1559/3806/456 1815/3809/456 1817/3819/456
f 1661/3810/462 1663/3820/462 1727/3821/462 1725/3811/462
f 1560/3813/457 1562/3822/457 1818/3823/457 1816/3814/457
f 1664/3824/463 1662/3816/463 1726/3817/463 1728/3825/463
f 1563/3826/458 1561/3818/458 1817/3819/458 1819/3827/458
f 1663/3820/464 1665/3828/464 1729/3829/464 1727/3821/464
f 1562/3822/459 1564/3830/459 1820/3831/459 1818/3823/459
f 1666/3832/465 1664/3824/465 1728/3825/465 1730/3833/465
f 1565/3834/460 1563/3826/460 1819/3827/460 1821/3835/460
f 1665/3828/466 1667/3836/466 1731/3837/466 1729/3829/466
f 1564/3830/461 1566/3838/461 1822/3839/461 1820/3831/461
f 1668/3840/467 1666/3832/467 1730/3833/467 1732/3841/467
f 1567/3842/462 1565/3834/462 1821/3835/462 1823/3843/462
f 1667/3836/468 1669/3844/468 1733/3845/468 1731/3837/468
f 1566/3838/463 1568/3846/463 1824/3847/463 1822/3839/463
f 1670/3848/469 1668/3840/469 1732/3841/469 1734/3849/469
f 1569/3850/464 1567/3842/464 1823/3843/464 1825/3851/464
f 1669/3852/470 1671/3853/470 1735/3854/470 1733/3855/470
f 1568/3846/465 1570/3856/465 1826/3857/465 1824/3847/465
f 1672/3858/471 1670/3859/471 1734/3612/471 1736/3860/471
f 1519/3861/472 1517/3641/472 1773/3644/472 1774/3862/472
f 1571/3863/466 1569/3850/466 1825/3851/466 1827/3864/466
f 1671/3853/473 1673/3865/473 1737/3866/473 1735/3854/473
f 1518/3634/474 1520/3867/474 1775/3868/474 1776/3635/474
f 1570/3856/467 1572/3869/467 1828/3870/467 1826/3857/467
f 1674/3871/475 1672/3858/475 1736/3860/475 1738/3872/475
f 1521/3873/476 1519/3861/476 1774/3862/476 1777/3874/476
f 1573/3875/468 1571/3863/468 1827/3864/468 1829/3876/468
f 1673/3865/477 1675/3877/477 1739/3878/477 1737/3866/477
f 1520/3867/453 1522/3879/453 1778/3880/453 1775/3868/453
f 1572/3869/469 1574/3881/469 1830/3882/469 1828/3870/469
f 1676/3883/454 1674/3871/454 1738/3872/454 1740/3884/454
f 1523/3885/451 1521/3873/451 1777/3874/451 1779/3886/451
f 1575/3887/470 1573/3888/470 1829/3889/470 1831/3890/470
f 1675/3877/452 1677/3891/452 1741/3892/452 1739/3878/452
f 1522/3879/449 1524/3893/449 1780/3894/449 1778/3880/449
f 1574/3895/471 1576/3896/471 1832/3897/471 1830/3898/471
f 1678/3899/450 1676/3883/450 1740/3884/450 1742/3900/450
f 1525/3901/448 1523/3885/448 1779/3886/448 1781/3902/448
f 1577/3903/473 1575/3887/473 1831/3890/473 1833/3904/473
f 1677/3891/472 1679/3905/472 1743/3906/472 1741/3892/472
f 1524/3893/447 1526/3907/447 1782/3908/447 1780/3894/447
f 1576/3896/475 1578/3649/475 1834/3650/475 1832/3897/475
f 1680/3647/474 1678/3899/474 1742/3900/474 1744/3648/474
f 1527/3645/446 1525/3909/446 1781/3910/446 1783/3646/446
f 1579/3642/477 1577/3903/477 1833/3904/477 1835/3643/477
f 1679/3905/476 1681/3639/476 1745/3640/476 1743/3906/476
